Workbook
Name 목록_병해충조회용: '참고 사항'!$A$18:$A$47
Name 목록_정보구분: '참고 사항'!$B$18:$B$47
Name 목록_병해충구분: '참고 사항'!$C$18:$C$47
Name 목록_방제구분: '참고 사항'!$D$18:$D$47
Name 목록_학교보유: '참고 사항'!$E$18:$E$47
Name 목록_혼용가능여부: '참고 사항'!$F$18:$F$47
Name 목록_제형: '참고 사항'!$G$18:$G$47
Name 목록_살포방법: '참고 사항'!$H$18:$H$47

Sheet 병해충 방제 가이드
A1: 파프리카 병해충 방제 가이드 · 연암대학교 스마트팜 유리온실
A2: 공통 주의 ▶ 같은 작용기작(코드)을 연속 사용하면 저항성이 생기니, 2회 이상 살포 시 2~4순위로 바꿔가며 로테이션 · 확인 안 된 약제 조합은 섞지 않는 것이 원칙 · 노란색 = 학교(연암대) 보유 약제
A4: ① 병해충 선택 ▶ | B4: 꽃노랑총채벌레 | F4: ◀ 칸을 누르고 ▼ 목록에서 선택 | J4: 병해충 구분 | K4: =IF(SUMPRODUCT(('전체 방제 정보'!$E$2:$E$3000=$B$4)*('전체 방제 정보'!$B$2:$B$3000="추천 약제(로테이션)"))=0,"",INDEX('전체 방제 정보'!$D$2:$D$3000,SUMPRODUCT(('전체 방제 정보'!$E$2:$E$3000=$B$4)*('전체 방제 정보'!$B$2:$B$3000="추천 약제(로테이션)")*(ROW('전체 방제 정보'!$E$2:$E$3000)-1)*('전체 방제 정보'!$F$2:$F$3000=1)))) | M4: 유기농업자재(보조) | O4: =IF(COUNTIFS('전체 방제 정보'!$E$2:$E$3000,$B$4,'전체 방제 정보'!$B$2:$B$3000,"유기농업자재")=0,"해당 없음",COUNTIFS('전체 방제 정보'!$E$2:$E$3000,$B$4,'전체 방제 정보'!$B$2:$B$3000,"유기농업자재")&"건 — 아래 표에서 [방제 구분] = 유기농업자재 확인")
A5: =IF($B$4="","병해충을 선택하세요",$B$4&CHAR(10)&"→ 적용 약제") | D5: 순위 | E5: 약제명 | F5: 제형 | G5: 학교 보유 | H5: 방제 구분 | I5: 희석배수 | J5: 살포 방법 | K5: 살포 시기 | L5: 수확 전 사용 제한 | M5: 최대 살포 횟수 | N5: 살포 간격 | O5: 주의사항 | P5: 혼용 정보
D6: =IF(SUMPRODUCT(('전체 방제 정보'!$E$2:$E$3000=$B$4)*('전체 방제 정보'!$B$2:$B$3000="추천 약제(로테이션)")*('전체 방제 정보'!$F$2:$F$3000=1)*(ROW('전체 방제 정보'!$E$2:$E$3000)-1))=0,"",1) | E6: =IF(SUMPRODUCT(('전체 방제 정보'!$E$2:$E$3000=$B$4)*('전체 방제 정보'!$B$2:$B$3000="추천 약제(로테이션)")*('전체 방제 정보'!$F$2:$F$3000=1)*(ROW('전체 방제 정보'!$E$2:$E$3000)-1))=0,"",IF(INDEX('전체 방제 정보'!$G$2:$G$3000,SUMPRODUCT(('전체 방제 정보'!$E$2:$E$3000=$B$4)*('전체 방제 정보'!$B$2:$B$3000="추천 약제(로테이션)")*('전체 방제 정보'!$F$2:$F$3000=1)*(ROW('전체 방제 정보'!$E$2:$E$3000)-1)))="","",INDEX('전체 방제 정보'!$G$2:$G$3000,SUMPRODUCT(('전체 방제 정보'!$E$2:$E$3000=$B$4)*('전체 방제 정보'!$B$2:$B$3000="추천 약제(로테이션)")*('전체 방제 정보'!$F$2:$F$3000=1)*(ROW('전체 방제 정보'!$E$2:$E$3000)-1))))) | F6: =IF(SUMPRODUCT(('전체 방제 정보'!$E$2:$E$3000=$B$4)*('전체 방제 정보'!$B$2:$B$3000="추천 약제(로테이션)")*('전체 방제 정보'!$F$2:$F$3000=1)*(ROW('전체 방제 정보'!$E$2:$E$3000)-1))=0,"",IF(INDEX('전체 방제 정보'!$H$2:$H$3000,SUMPRODUCT(('전체 방제 정보'!$E$2:$E$3000=$B$4)*('전체 방제 정보'!$B$2:$B$3000="추천 약제(로테이션)")*('전체 방제 정보'!$F$2:$F$3000=1)*(ROW('전체 방제 정보'!$E$2:$E$3000)-1)))="","",INDEX('전체 방제 정보'!$H$2:$H$3000,SUMPRODUCT(('전체 방제 정보'!$E$2:$E$3000=$B$4)*('전체 방제 정보'!$B$2:$B$3000="추천 약제(로테이션)")*('전체 방제 정보'!$F$2:$F$3000=1)*(ROW('전체 방제 정보'!$E$2:$E$3000)-1))))) | G6: =IF(SUMPRODUCT(('전체 방제 정보'!$E$2:$E$3000=$B$4)*('전체 방제 정보'!$B$2:$B$3000="추천 약제(로테이션)")*('전체 방제 정보'!$F$2:$F$3000=1)*(ROW('전체 방제 정보'!$E$2:$E$3000)-1))=0,"",IF(INDEX('전체 방제 정보'!$I$2:$I$3000,SUMPRODUCT(('전체 방제 정보'!$E$2:$E$3000=$B$4)*('전체 방제 정보'!$B$2:$B$3000="추천 약제(로테이션)")*('전체 방제 정보'!$F$2:$F$3000=1)*(ROW('전체 방제 정보'!$E$2:$E$3000)-1)))="","",INDEX('전체 방제 정보'!$I$2:$I$3000,SUMPRODUCT(('전체 방제 정보'!$E$2:$E$3000=$B$4)*('전체 방제 정보'!$B$2:$B$3000="추천 약제(로테이션)")*('전체 방제 정보'!$F$2:$F$3000=1)*(ROW('전체 방제 정보'!$E$2:$E$3000)-1))))) | H6: =IF(SUMPRODUCT(('전체 방제 정보'!$E$2:$E$3000=$B$4)*('전체 방제 정보'!$B$2:$B$3000="추천 약제(로테이션)")*('전체 방제 정보'!$F$2:$F$3000=1)*(ROW('전체 방제 정보'!$E$2:$E$3000)-1))=0,"",IF(INDEX('전체 방제 정보'!$J$2:$J$3000,SUMPRODUCT(('전체 방제 정보'!$E$2:$E$3000=$B$4)*('전체 방제 정보'!$B$2:$B$3000="추천 약제(로테이션)")*('전체 방제 정보'!$F$2:$F$3000=1)*(ROW('전체 방제 정보'!$E$2:$E$3000)-1)))="","",INDEX('전체 방제 정보'!$J$2:$J$3000,SUMPRODUCT(('전체 방제 정보'!$E$2:$E$3000=$B$4)*('전체 방제 정보'!$B$2:$B$3000="추천 약제(로테이션)")*('전체 방제 정보'!$F$2:$F$3000=1)*(ROW('전체 방제 정보'!$E$2:$E$3000)-1))))) | I6: =IF(SUMPRODUCT(('전체 방제 정보'!$E$2:$E$3000=$B$4)*('전체 방제 정보'!$B$2:$B$3000="추천 약제(로테이션)")*('전체 방제 정보'!$F$2:$F$3000=1)*(ROW('전체 방제 정보'!$E$2:$E$3000)-1))=0,"",IF(INDEX('전체 방제 정보'!$K$2:$K$3000,SUMPRODUCT(('전체 방제 정보'!$E$2:$E$3000=$B$4)*('전체 방제 정보'!$B$2:$B$3000="추천 약제(로테이션)")*('전체 방제 정보'!$F$2:$F$3000=1)*(ROW('전체 방제 정보'!$E$2:$E$3000)-1)))="","",INDEX('전체 방제 정보'!$K$2:$K$3000,SUMPRODUCT(('전체 방제 정보'!$E$2:$E$3000=$B$4)*('전체 방제 정보'!$B$2:$B$3000="추천 약제(로테이션)")*('전체 방제 정보'!$F$2:$F$3000=1)*(ROW('전체 방제 정보'!$E$2:$E$3000)-1))))) | J6: =IF(SUMPRODUCT(('전체 방제 정보'!$E$2:$E$3000=$B$4)*('전체 방제 정보'!$B$2:$B$3000="추천 약제(로테이션)")*('전체 방제 정보'!$F$2:$F$3000=1)*(ROW('전체 방제 정보'!$E$2:$E$3000)-1))=0,"",IF(INDEX('전체 방제 정보'!$L$2:$L$3000,SUMPRODUCT(('전체 방제 정보'!$E$2:$E$3000=$B$4)*('전체 방제 정보'!$B$2:$B$3000="추천 약제(로테이션)")*('전체 방제 정보'!$F$2:$F$3000=1)*(ROW('전체 방제 정보'!$E$2:$E$3000)-1)))="","",INDEX('전체 방제 정보'!$L$2:$L$3000,SUMPRODUCT(('전체 방제 정보'!$E$2:$E$3000=$B$4)*('전체 방제 정보'!$B$2:$B$3000="추천 약제(로테이션)")*('전체 방제 정보'!$F$2:$F$3000=1)*(ROW('전체 방제 정보'!$E$2:$E$3000)-1))))) | K6: =IF(SUMPRODUCT(('전체 방제 정보'!$E$2:$E$3000=$B$4)*('전체 방제 정보'!$B$2:$B$3000="추천 약제(로테이션)")*('전체 방제 정보'!$F$2:$F$3000=1)*(ROW('전체 방제 정보'!$E$2:$E$3000)-1))=0,"",IF(INDEX('전체 방제 정보'!$M$2:$M$3000,SUMPRODUCT(('전체 방제 정보'!$E$2:$E$3000=$B$4)*('전체 방제 정보'!$B$2:$B$3000="추천 약제(로테이션)")*('전체 방제 정보'!$F$2:$F$3000=1)*(ROW('전체 방제 정보'!$E$2:$E$3000)-1)))="","",INDEX('전체 방제 정보'!$M$2:$M$3000,SUMPRODUCT(('전체 방제 정보'!$E$2:$E$3000=$B$4)*('전체 방제 정보'!$B$2:$B$3000="추천 약제(로테이션)")*('전체 방제 정보'!$F$2:$F$3000=1)*(ROW('전체 방제 정보'!$E$2:$E$3000)-1))))) | L6: =IF(SUMPRODUCT(('전체 방제 정보'!$E$2:$E$3000=$B$4)*('전체 방제 정보'!$B$2:$B$3000="추천 약제(로테이션)")*('전체 방제 정보'!$F$2:$F$3000=1)*(ROW('전체 방제 정보'!$E$2:$E$3000)-1))=0,"",IF(INDEX('전체 방제 정보'!$N$2:$N$3000,SUMPRODUCT(('전체 방제 정보'!$E$2:$E$3000=$B$4)*('전체 방제 정보'!$B$2:$B$3000="추천 약제(로테이션)")*('전체 방제 정보'!$F$2:$F$3000=1)*(ROW('전체 방제 정보'!$E$2:$E$3000)-1)))="","",INDEX('전체 방제 정보'!$N$2:$N$3000,SUMPRODUCT(('전체 방제 정보'!$E$2:$E$3000=$B$4)*('전체 방제 정보'!$B$2:$B$3000="추천 약제(로테이션)")*('전체 방제 정보'!$F$2:$F$3000=1)*(ROW('전체 방제 정보'!$E$2:$E$3000)-1))))) | M6: =IF(SUMPRODUCT(('전체 방제 정보'!$E$2:$E$3000=$B$4)*('전체 방제 정보'!$B$2:$B$3000="추천 약제(로테이션)")*('전체 방제 정보'!$F$2:$F$3000=1)*(ROW('전체 방제 정보'!$E$2:$E$3000)-1))=0,"",IF(INDEX('전체 방제 정보'!$O$2:$O$3000,SUMPRODUCT(('전체 방제 정보'!$E$2:$E$3000=$B$4)*('전체 방제 정보'!$B$2:$B$3000="추천 약제(로테이션)")*('전체 방제 정보'!$F$2:$F$3000=1)*(ROW('전체 방제 정보'!$E$2:$E$3000)-1)))="","",INDEX('전체 방제 정보'!$O$2:$O$3000,SUMPRODUCT(('전체 방제 정보'!$E$2:$E$3000=$B$4)*('전체 방제 정보'!$B$2:$B$3000="추천 약제(로테이션)")*('전체 방제 정보'!$F$2:$F$3000=1)*(ROW('전체 방제 정보'!$E$2:$E$3000)-1))))) | N6: =IF(SUMPRODUCT(('전체 방제 정보'!$E$2:$E$3000=$B$4)*('전체 방제 정보'!$B$2:$B$3000="추천 약제(로테이션)")*('전체 방제 정보'!$F$2:$F$3000=1)*(ROW('전체 방제 정보'!$E$2:$E$3000)-1))=0,"",IF(INDEX('전체 방제 정보'!$P$2:$P$3000,SUMPRODUCT(('전체 방제 정보'!$E$2:$E$3000=$B$4)*('전체 방제 정보'!$B$2:$B$3000="추천 약제(로테이션)")*('전체 방제 정보'!$F$2:$F$3000=1)*(ROW('전체 방제 정보'!$E$2:$E$3000)-1)))="","",INDEX('전체 방제 정보'!$P$2:$P$3000,SUMPRODUCT(('전체 방제 정보'!$E$2:$E$3000=$B$4)*('전체 방제 정보'!$B$2:$B$3000="추천 약제(로테이션)")*('전체 방제 정보'!$F$2:$F$3000=1)*(ROW('전체 방제 정보'!$E$2:$E$3000)-1))))) | O6: =IF(SUMPRODUCT(('전체 방제 정보'!$E$2:$E$3000=$B$4)*('전체 방제 정보'!$B$2:$B$3000="추천 약제(로테이션)")*('전체 방제 정보'!$F$2:$F$3000=1)*(ROW('전체 방제 정보'!$E$2:$E$3000)-1))=0,"",IF(INDEX('전체 방제 정보'!$Q$2:$Q$3000,SUMPRODUCT(('전체 방제 정보'!$E$2:$E$3000=$B$4)*('전체 방제 정보'!$B$2:$B$3000="추천 약제(로테이션)")*('전체 방제 정보'!$F$2:$F$3000=1)*(ROW('전체 방제 정보'!$E$2:$E$3000)-1)))="","",INDEX('전체 방제 정보'!$Q$2:$Q$3000,SUMPRODUCT(('전체 방제 정보'!$E$2:$E$3000=$B$4)*('전체 방제 정보'!$B$2:$B$3000="추천 약제(로테이션)")*('전체 방제 정보'!$F$2:$F$3000=1)*(ROW('전체 방제 정보'!$E$2:$E$3000)-1))))) | P6: =IF(SUMPRODUCT(('전체 방제 정보'!$E$2:$E$3000=$B$4)*('전체 방제 정보'!$B$2:$B$3000="추천 약제(로테이션)")*('전체 방제 정보'!$F$2:$F$3000=1)*(ROW('전체 방제 정보'!$E$2:$E$3000)-1))=0,"",IF(INDEX('전체 방제 정보'!$R$2:$R$3000,SUMPRODUCT(('전체 방제 정보'!$E$2:$E$3000=$B$4)*('전체 방제 정보'!$B$2:$B$3000="추천 약제(로테이션)")*('전체 방제 정보'!$F$2:$F$3000=1)*(ROW('전체 방제 정보'!$E$2:$E$3000)-1)))="","",INDEX('전체 방제 정보'!$R$2:$R$3000,SUMPRODUCT(('전체 방제 정보'!$E$2:$E$3000=$B$4)*('전체 방제 정보'!$B$2:$B$3000="추천 약제(로테이션)")*('전체 방제 정보'!$F$2:$F$3000=1)*(ROW('전체 방제 정보'!$E$2:$E$3000)-1)))))
D7: =IF(SUMPRODUCT(('전체 방제 정보'!$E$2:$E$3000=$B$4)*('전체 방제 정보'!$B$2:$B$3000="추천 약제(로테이션)")*('전체 방제 정보'!$F$2:$F$3000=2)*(ROW('전체 방제 정보'!$E$2:$E$3000)-1))=0,"",2) | E7: =IF(SUMPRODUCT(('전체 방제 정보'!$E$2:$E$3000=$B$4)*('전체 방제 정보'!$B$2:$B$3000="추천 약제(로테이션)")*('전체 방제 정보'!$F$2:$F$3000=2)*(ROW('전체 방제 정보'!$E$2:$E$3000)-1))=0,"",IF(INDEX('전체 방제 정보'!$G$2:$G$3000,SUMPRODUCT(('전체 방제 정보'!$E$2:$E$3000=$B$4)*('전체 방제 정보'!$B$2:$B$3000="추천 약제(로테이션)")*('전체 방제 정보'!$F$2:$F$3000=2)*(ROW('전체 방제 정보'!$E$2:$E$3000)-1)))="","",INDEX('전체 방제 정보'!$G$2:$G$3000,SUMPRODUCT(('전체 방제 정보'!$E$2:$E$3000=$B$4)*('전체 방제 정보'!$B$2:$B$3000="추천 약제(로테이션)")*('전체 방제 정보'!$F$2:$F$3000=2)*(ROW('전체 방제 정보'!$E$2:$E$3000)-1))))) | F7: =IF(SUMPRODUCT(('전체 방제 정보'!$E$2:$E$3000=$B$4)*('전체 방제 정보'!$B$2:$B$3000="추천 약제(로테이션)")*('전체 방제 정보'!$F$2:$F$3000=2)*(ROW('전체 방제 정보'!$E$2:$E$3000)-1))=0,"",IF(INDEX('전체 방제 정보'!$H$2:$H$3000,SUMPRODUCT(('전체 방제 정보'!$E$2:$E$3000=$B$4)*('전체 방제 정보'!$B$2:$B$3000="추천 약제(로테이션)")*('전체 방제 정보'!$F$2:$F$3000=2)*(ROW('전체 방제 정보'!$E$2:$E$3000)-1)))="","",INDEX('전체 방제 정보'!$H$2:$H$3000,SUMPRODUCT(('전체 방제 정보'!$E$2:$E$3000=$B$4)*('전체 방제 정보'!$B$2:$B$3000="추천 약제(로테이션)")*('전체 방제 정보'!$F$2:$F$3000=2)*(ROW('전체 방제 정보'!$E$2:$E$3000)-1))))) | G7: =IF(SUMPRODUCT(('전체 방제 정보'!$E$2:$E$3000=$B$4)*('전체 방제 정보'!$B$2:$B$3000="추천 약제(로테이션)")*('전체 방제 정보'!$F$2:$F$3000=2)*(ROW('전체 방제 정보'!$E$2:$E$3000)-1))=0,"",IF(INDEX('전체 방제 정보'!$I$2:$I$3000,SUMPRODUCT(('전체 방제 정보'!$E$2:$E$3000=$B$4)*('전체 방제 정보'!$B$2:$B$3000="추천 약제(로테이션)")*('전체 방제 정보'!$F$2:$F$3000=2)*(ROW('전체 방제 정보'!$E$2:$E$3000)-1)))="","",INDEX('전체 방제 정보'!$I$2:$I$3000,SUMPRODUCT(('전체 방제 정보'!$E$2:$E$3000=$B$4)*('전체 방제 정보'!$B$2:$B$3000="추천 약제(로테이션)")*('전체 방제 정보'!$F$2:$F$3000=2)*(ROW('전체 방제 정보'!$E$2:$E$3000)-1))))) | H7: =IF(SUMPRODUCT(('전체 방제 정보'!$E$2:$E$3000=$B$4)*('전체 방제 정보'!$B$2:$B$3000="추천 약제(로테이션)")*('전체 방제 정보'!$F$2:$F$3000=2)*(ROW('전체 방제 정보'!$E$2:$E$3000)-1))=0,"",IF(INDEX('전체 방제 정보'!$J$2:$J$3000,SUMPRODUCT(('전체 방제 정보'!$E$2:$E$3000=$B$4)*('전체 방제 정보'!$B$2:$B$3000="추천 약제(로테이션)")*('전체 방제 정보'!$F$2:$F$3000=2)*(ROW('전체 방제 정보'!$E$2:$E$3000)-1)))="","",INDEX('전체 방제 정보'!$J$2:$J$3000,SUMPRODUCT(('전체 방제 정보'!$E$2:$E$3000=$B$4)*('전체 방제 정보'!$B$2:$B$3000="추천 약제(로테이션)")*('전체 방제 정보'!$F$2:$F$3000=2)*(ROW('전체 방제 정보'!$E$2:$E$3000)-1))))) | I7: =IF(SUMPRODUCT(('전체 방제 정보'!$E$2:$E$3000=$B$4)*('전체 방제 정보'!$B$2:$B$3000="추천 약제(로테이션)")*('전체 방제 정보'!$F$2:$F$3000=2)*(ROW('전체 방제 정보'!$E$2:$E$3000)-1))=0,"",IF(INDEX('전체 방제 정보'!$K$2:$K$3000,SUMPRODUCT(('전체 방제 정보'!$E$2:$E$3000=$B$4)*('전체 방제 정보'!$B$2:$B$3000="추천 약제(로테이션)")*('전체 방제 정보'!$F$2:$F$3000=2)*(ROW('전체 방제 정보'!$E$2:$E$3000)-1)))="","",INDEX('전체 방제 정보'!$K$2:$K$3000,SUMPRODUCT(('전체 방제 정보'!$E$2:$E$3000=$B$4)*('전체 방제 정보'!$B$2:$B$3000="추천 약제(로테이션)")*('전체 방제 정보'!$F$2:$F$3000=2)*(ROW('전체 방제 정보'!$E$2:$E$3000)-1))))) | J7: =IF(SUMPRODUCT(('전체 방제 정보'!$E$2:$E$3000=$B$4)*('전체 방제 정보'!$B$2:$B$3000="추천 약제(로테이션)")*('전체 방제 정보'!$F$2:$F$3000=2)*(ROW('전체 방제 정보'!$E$2:$E$3000)-1))=0,"",IF(INDEX('전체 방제 정보'!$L$2:$L$3000,SUMPRODUCT(('전체 방제 정보'!$E$2:$E$3000=$B$4)*('전체 방제 정보'!$B$2:$B$3000="추천 약제(로테이션)")*('전체 방제 정보'!$F$2:$F$3000=2)*(ROW('전체 방제 정보'!$E$2:$E$3000)-1)))="","",INDEX('전체 방제 정보'!$L$2:$L$3000,SUMPRODUCT(('전체 방제 정보'!$E$2:$E$3000=$B$4)*('전체 방제 정보'!$B$2:$B$3000="추천 약제(로테이션)")*('전체 방제 정보'!$F$2:$F$3000=2)*(ROW('전체 방제 정보'!$E$2:$E$3000)-1))))) | K7: =IF(SUMPRODUCT(('전체 방제 정보'!$E$2:$E$3000=$B$4)*('전체 방제 정보'!$B$2:$B$3000="추천 약제(로테이션)")*('전체 방제 정보'!$F$2:$F$3000=2)*(ROW('전체 방제 정보'!$E$2:$E$3000)-1))=0,"",IF(INDEX('전체 방제 정보'!$M$2:$M$3000,SUMPRODUCT(('전체 방제 정보'!$E$2:$E$3000=$B$4)*('전체 방제 정보'!$B$2:$B$3000="추천 약제(로테이션)")*('전체 방제 정보'!$F$2:$F$3000=2)*(ROW('전체 방제 정보'!$E$2:$E$3000)-1)))="","",INDEX('전체 방제 정보'!$M$2:$M$3000,SUMPRODUCT(('전체 방제 정보'!$E$2:$E$3000=$B$4)*('전체 방제 정보'!$B$2:$B$3000="추천 약제(로테이션)")*('전체 방제 정보'!$F$2:$F$3000=2)*(ROW('전체 방제 정보'!$E$2:$E$3000)-1))))) | L7: =IF(SUMPRODUCT(('전체 방제 정보'!$E$2:$E$3000=$B$4)*('전체 방제 정보'!$B$2:$B$3000="추천 약제(로테이션)")*('전체 방제 정보'!$F$2:$F$3000=2)*(ROW('전체 방제 정보'!$E$2:$E$3000)-1))=0,"",IF(INDEX('전체 방제 정보'!$N$2:$N$3000,SUMPRODUCT(('전체 방제 정보'!$E$2:$E$3000=$B$4)*('전체 방제 정보'!$B$2:$B$3000="추천 약제(로테이션)")*('전체 방제 정보'!$F$2:$F$3000=2)*(ROW('전체 방제 정보'!$E$2:$E$3000)-1)))="","",INDEX('전체 방제 정보'!$N$2:$N$3000,SUMPRODUCT(('전체 방제 정보'!$E$2:$E$3000=$B$4)*('전체 방제 정보'!$B$2:$B$3000="추천 약제(로테이션)")*('전체 방제 정보'!$F$2:$F$3000=2)*(ROW('전체 방제 정보'!$E$2:$E$3000)-1))))) | M7: =IF(SUMPRODUCT(('전체 방제 정보'!$E$2:$E$3000=$B$4)*('전체 방제 정보'!$B$2:$B$3000="추천 약제(로테이션)")*('전체 방제 정보'!$F$2:$F$3000=2)*(ROW('전체 방제 정보'!$E$2:$E$3000)-1))=0,"",IF(INDEX('전체 방제 정보'!$O$2:$O$3000,SUMPRODUCT(('전체 방제 정보'!$E$2:$E$3000=$B$4)*('전체 방제 정보'!$B$2:$B$3000="추천 약제(로테이션)")*('전체 방제 정보'!$F$2:$F$3000=2)*(ROW('전체 방제 정보'!$E$2:$E$3000)-1)))="","",INDEX('전체 방제 정보'!$O$2:$O$3000,SUMPRODUCT(('전체 방제 정보'!$E$2:$E$3000=$B$4)*('전체 방제 정보'!$B$2:$B$3000="추천 약제(로테이션)")*('전체 방제 정보'!$F$2:$F$3000=2)*(ROW('전체 방제 정보'!$E$2:$E$3000)-1))))) | N7: =IF(SUMPRODUCT(('전체 방제 정보'!$E$2:$E$3000=$B$4)*('전체 방제 정보'!$B$2:$B$3000="추천 약제(로테이션)")*('전체 방제 정보'!$F$2:$F$3000=2)*(ROW('전체 방제 정보'!$E$2:$E$3000)-1))=0,"",IF(INDEX('전체 방제 정보'!$P$2:$P$3000,SUMPRODUCT(('전체 방제 정보'!$E$2:$E$3000=$B$4)*('전체 방제 정보'!$B$2:$B$3000="추천 약제(로테이션)")*('전체 방제 정보'!$F$2:$F$3000=2)*(ROW('전체 방제 정보'!$E$2:$E$3000)-1)))="","",INDEX('전체 방제 정보'!$P$2:$P$3000,SUMPRODUCT(('전체 방제 정보'!$E$2:$E$3000=$B$4)*('전체 방제 정보'!$B$2:$B$3000="추천 약제(로테이션)")*('전체 방제 정보'!$F$2:$F$3000=2)*(ROW('전체 방제 정보'!$E$2:$E$3000)-1))))) | O7: =IF(SUMPRODUCT(('전체 방제 정보'!$E$2:$E$3000=$B$4)*('전체 방제 정보'!$B$2:$B$3000="추천 약제(로테이션)")*('전체 방제 정보'!$F$2:$F$3000=2)*(ROW('전체 방제 정보'!$E$2:$E$3000)-1))=0,"",IF(INDEX('전체 방제 정보'!$Q$2:$Q$3000,SUMPRODUCT(('전체 방제 정보'!$E$2:$E$3000=$B$4)*('전체 방제 정보'!$B$2:$B$3000="추천 약제(로테이션)")*('전체 방제 정보'!$F$2:$F$3000=2)*(ROW('전체 방제 정보'!$E$2:$E$3000)-1)))="","",INDEX('전체 방제 정보'!$Q$2:$Q$3000,SUMPRODUCT(('전체 방제 정보'!$E$2:$E$3000=$B$4)*('전체 방제 정보'!$B$2:$B$3000="추천 약제(로테이션)")*('전체 방제 정보'!$F$2:$F$3000=2)*(ROW('전체 방제 정보'!$E$2:$E$3000)-1))))) | P7: =IF(SUMPRODUCT(('전체 방제 정보'!$E$2:$E$3000=$B$4)*('전체 방제 정보'!$B$2:$B$3000="추천 약제(로테이션)")*('전체 방제 정보'!$F$2:$F$3000=2)*(ROW('전체 방제 정보'!$E$2:$E$3000)-1))=0,"",IF(INDEX('전체 방제 정보'!$R$2:$R$3000,SUMPRODUCT(('전체 방제 정보'!$E$2:$E$3000=$B$4)*('전체 방제 정보'!$B$2:$B$3000="추천 약제(로테이션)")*('전체 방제 정보'!$F$2:$F$3000=2)*(ROW('전체 방제 정보'!$E$2:$E$3000)-1)))="","",INDEX('전체 방제 정보'!$R$2:$R$3000,SUMPRODUCT(('전체 방제 정보'!$E$2:$E$3000=$B$4)*('전체 방제 정보'!$B$2:$B$3000="추천 약제(로테이션)")*('전체 방제 정보'!$F$2:$F$3000=2)*(ROW('전체 방제 정보'!$E$2:$E$3000)-1)))))
D8: =IF(SUMPRODUCT(('전체 방제 정보'!$E$2:$E$3000=$B$4)*('전체 방제 정보'!$B$2:$B$3000="추천 약제(로테이션)")*('전체 방제 정보'!$F$2:$F$3000=3)*(ROW('전체 방제 정보'!$E$2:$E$3000)-1))=0,"",3) | E8: =IF(SUMPRODUCT(('전체 방제 정보'!$E$2:$E$3000=$B$4)*('전체 방제 정보'!$B$2:$B$3000="추천 약제(로테이션)")*('전체 방제 정보'!$F$2:$F$3000=3)*(ROW('전체 방제 정보'!$E$2:$E$3000)-1))=0,"",IF(INDEX('전체 방제 정보'!$G$2:$G$3000,SUMPRODUCT(('전체 방제 정보'!$E$2:$E$3000=$B$4)*('전체 방제 정보'!$B$2:$B$3000="추천 약제(로테이션)")*('전체 방제 정보'!$F$2:$F$3000=3)*(ROW('전체 방제 정보'!$E$2:$E$3000)-1)))="","",INDEX('전체 방제 정보'!$G$2:$G$3000,SUMPRODUCT(('전체 방제 정보'!$E$2:$E$3000=$B$4)*('전체 방제 정보'!$B$2:$B$3000="추천 약제(로테이션)")*('전체 방제 정보'!$F$2:$F$3000=3)*(ROW('전체 방제 정보'!$E$2:$E$3000)-1))))) | F8: =IF(SUMPRODUCT(('전체 방제 정보'!$E$2:$E$3000=$B$4)*('전체 방제 정보'!$B$2:$B$3000="추천 약제(로테이션)")*('전체 방제 정보'!$F$2:$F$3000=3)*(ROW('전체 방제 정보'!$E$2:$E$3000)-1))=0,"",IF(INDEX('전체 방제 정보'!$H$2:$H$3000,SUMPRODUCT(('전체 방제 정보'!$E$2:$E$3000=$B$4)*('전체 방제 정보'!$B$2:$B$3000="추천 약제(로테이션)")*('전체 방제 정보'!$F$2:$F$3000=3)*(ROW('전체 방제 정보'!$E$2:$E$3000)-1)))="","",INDEX('전체 방제 정보'!$H$2:$H$3000,SUMPRODUCT(('전체 방제 정보'!$E$2:$E$3000=$B$4)*('전체 방제 정보'!$B$2:$B$3000="추천 약제(로테이션)")*('전체 방제 정보'!$F$2:$F$3000=3)*(ROW('전체 방제 정보'!$E$2:$E$3000)-1))))) | G8: =IF(SUMPRODUCT(('전체 방제 정보'!$E$2:$E$3000=$B$4)*('전체 방제 정보'!$B$2:$B$3000="추천 약제(로테이션)")*('전체 방제 정보'!$F$2:$F$3000=3)*(ROW('전체 방제 정보'!$E$2:$E$3000)-1))=0,"",IF(INDEX('전체 방제 정보'!$I$2:$I$3000,SUMPRODUCT(('전체 방제 정보'!$E$2:$E$3000=$B$4)*('전체 방제 정보'!$B$2:$B$3000="추천 약제(로테이션)")*('전체 방제 정보'!$F$2:$F$3000=3)*(ROW('전체 방제 정보'!$E$2:$E$3000)-1)))="","",INDEX('전체 방제 정보'!$I$2:$I$3000,SUMPRODUCT(('전체 방제 정보'!$E$2:$E$3000=$B$4)*('전체 방제 정보'!$B$2:$B$3000="추천 약제(로테이션)")*('전체 방제 정보'!$F$2:$F$3000=3)*(ROW('전체 방제 정보'!$E$2:$E$3000)-1))))) | H8: =IF(SUMPRODUCT(('전체 방제 정보'!$E$2:$E$3000=$B$4)*('전체 방제 정보'!$B$2:$B$3000="추천 약제(로테이션)")*('전체 방제 정보'!$F$2:$F$3000=3)*(ROW('전체 방제 정보'!$E$2:$E$3000)-1))=0,"",IF(INDEX('전체 방제 정보'!$J$2:$J$3000,SUMPRODUCT(('전체 방제 정보'!$E$2:$E$3000=$B$4)*('전체 방제 정보'!$B$2:$B$3000="추천 약제(로테이션)")*('전체 방제 정보'!$F$2:$F$3000=3)*(ROW('전체 방제 정보'!$E$2:$E$3000)-1)))="","",INDEX('전체 방제 정보'!$J$2:$J$3000,SUMPRODUCT(('전체 방제 정보'!$E$2:$E$3000=$B$4)*('전체 방제 정보'!$B$2:$B$3000="추천 약제(로테이션)")*('전체 방제 정보'!$F$2:$F$3000=3)*(ROW('전체 방제 정보'!$E$2:$E$3000)-1))))) | I8: =IF(SUMPRODUCT(('전체 방제 정보'!$E$2:$E$3000=$B$4)*('전체 방제 정보'!$B$2:$B$3000="추천 약제(로테이션)")*('전체 방제 정보'!$F$2:$F$3000=3)*(ROW('전체 방제 정보'!$E$2:$E$3000)-1))=0,"",IF(INDEX('전체 방제 정보'!$K$2:$K$3000,SUMPRODUCT(('전체 방제 정보'!$E$2:$E$3000=$B$4)*('전체 방제 정보'!$B$2:$B$3000="추천 약제(로테이션)")*('전체 방제 정보'!$F$2:$F$3000=3)*(ROW('전체 방제 정보'!$E$2:$E$3000)-1)))="","",INDEX('전체 방제 정보'!$K$2:$K$3000,SUMPRODUCT(('전체 방제 정보'!$E$2:$E$3000=$B$4)*('전체 방제 정보'!$B$2:$B$3000="추천 약제(로테이션)")*('전체 방제 정보'!$F$2:$F$3000=3)*(ROW('전체 방제 정보'!$E$2:$E$3000)-1))))) | J8: =IF(SUMPRODUCT(('전체 방제 정보'!$E$2:$E$3000=$B$4)*('전체 방제 정보'!$B$2:$B$3000="추천 약제(로테이션)")*('전체 방제 정보'!$F$2:$F$3000=3)*(ROW('전체 방제 정보'!$E$2:$E$3000)-1))=0,"",IF(INDEX('전체 방제 정보'!$L$2:$L$3000,SUMPRODUCT(('전체 방제 정보'!$E$2:$E$3000=$B$4)*('전체 방제 정보'!$B$2:$B$3000="추천 약제(로테이션)")*('전체 방제 정보'!$F$2:$F$3000=3)*(ROW('전체 방제 정보'!$E$2:$E$3000)-1)))="","",INDEX('전체 방제 정보'!$L$2:$L$3000,SUMPRODUCT(('전체 방제 정보'!$E$2:$E$3000=$B$4)*('전체 방제 정보'!$B$2:$B$3000="추천 약제(로테이션)")*('전체 방제 정보'!$F$2:$F$3000=3)*(ROW('전체 방제 정보'!$E$2:$E$3000)-1))))) | K8: =IF(SUMPRODUCT(('전체 방제 정보'!$E$2:$E$3000=$B$4)*('전체 방제 정보'!$B$2:$B$3000="추천 약제(로테이션)")*('전체 방제 정보'!$F$2:$F$3000=3)*(ROW('전체 방제 정보'!$E$2:$E$3000)-1))=0,"",IF(INDEX('전체 방제 정보'!$M$2:$M$3000,SUMPRODUCT(('전체 방제 정보'!$E$2:$E$3000=$B$4)*('전체 방제 정보'!$B$2:$B$3000="추천 약제(로테이션)")*('전체 방제 정보'!$F$2:$F$3000=3)*(ROW('전체 방제 정보'!$E$2:$E$3000)-1)))="","",INDEX('전체 방제 정보'!$M$2:$M$3000,SUMPRODUCT(('전체 방제 정보'!$E$2:$E$3000=$B$4)*('전체 방제 정보'!$B$2:$B$3000="추천 약제(로테이션)")*('전체 방제 정보'!$F$2:$F$3000=3)*(ROW('전체 방제 정보'!$E$2:$E$3000)-1))))) | L8: =IF(SUMPRODUCT(('전체 방제 정보'!$E$2:$E$3000=$B$4)*('전체 방제 정보'!$B$2:$B$3000="추천 약제(로테이션)")*('전체 방제 정보'!$F$2:$F$3000=3)*(ROW('전체 방제 정보'!$E$2:$E$3000)-1))=0,"",IF(INDEX('전체 방제 정보'!$N$2:$N$3000,SUMPRODUCT(('전체 방제 정보'!$E$2:$E$3000=$B$4)*('전체 방제 정보'!$B$2:$B$3000="추천 약제(로테이션)")*('전체 방제 정보'!$F$2:$F$3000=3)*(ROW('전체 방제 정보'!$E$2:$E$3000)-1)))="","",INDEX('전체 방제 정보'!$N$2:$N$3000,SUMPRODUCT(('전체 방제 정보'!$E$2:$E$3000=$B$4)*('전체 방제 정보'!$B$2:$B$3000="추천 약제(로테이션)")*('전체 방제 정보'!$F$2:$F$3000=3)*(ROW('전체 방제 정보'!$E$2:$E$3000)-1))))) | M8: =IF(SUMPRODUCT(('전체 방제 정보'!$E$2:$E$3000=$B$4)*('전체 방제 정보'!$B$2:$B$3000="추천 약제(로테이션)")*('전체 방제 정보'!$F$2:$F$3000=3)*(ROW('전체 방제 정보'!$E$2:$E$3000)-1))=0,"",IF(INDEX('전체 방제 정보'!$O$2:$O$3000,SUMPRODUCT(('전체 방제 정보'!$E$2:$E$3000=$B$4)*('전체 방제 정보'!$B$2:$B$3000="추천 약제(로테이션)")*('전체 방제 정보'!$F$2:$F$3000=3)*(ROW('전체 방제 정보'!$E$2:$E$3000)-1)))="","",INDEX('전체 방제 정보'!$O$2:$O$3000,SUMPRODUCT(('전체 방제 정보'!$E$2:$E$3000=$B$4)*('전체 방제 정보'!$B$2:$B$3000="추천 약제(로테이션)")*('전체 방제 정보'!$F$2:$F$3000=3)*(ROW('전체 방제 정보'!$E$2:$E$3000)-1))))) | N8: =IF(SUMPRODUCT(('전체 방제 정보'!$E$2:$E$3000=$B$4)*('전체 방제 정보'!$B$2:$B$3000="추천 약제(로테이션)")*('전체 방제 정보'!$F$2:$F$3000=3)*(ROW('전체 방제 정보'!$E$2:$E$3000)-1))=0,"",IF(INDEX('전체 방제 정보'!$P$2:$P$3000,SUMPRODUCT(('전체 방제 정보'!$E$2:$E$3000=$B$4)*('전체 방제 정보'!$B$2:$B$3000="추천 약제(로테이션)")*('전체 방제 정보'!$F$2:$F$3000=3)*(ROW('전체 방제 정보'!$E$2:$E$3000)-1)))="","",INDEX('전체 방제 정보'!$P$2:$P$3000,SUMPRODUCT(('전체 방제 정보'!$E$2:$E$3000=$B$4)*('전체 방제 정보'!$B$2:$B$3000="추천 약제(로테이션)")*('전체 방제 정보'!$F$2:$F$3000=3)*(ROW('전체 방제 정보'!$E$2:$E$3000)-1))))) | O8: =IF(SUMPRODUCT(('전체 방제 정보'!$E$2:$E$3000=$B$4)*('전체 방제 정보'!$B$2:$B$3000="추천 약제(로테이션)")*('전체 방제 정보'!$F$2:$F$3000=3)*(ROW('전체 방제 정보'!$E$2:$E$3000)-1))=0,"",IF(INDEX('전체 방제 정보'!$Q$2:$Q$3000,SUMPRODUCT(('전체 방제 정보'!$E$2:$E$3000=$B$4)*('전체 방제 정보'!$B$2:$B$3000="추천 약제(로테이션)")*('전체 방제 정보'!$F$2:$F$3000=3)*(ROW('전체 방제 정보'!$E$2:$E$3000)-1)))="","",INDEX('전체 방제 정보'!$Q$2:$Q$3000,SUMPRODUCT(('전체 방제 정보'!$E$2:$E$3000=$B$4)*('전체 방제 정보'!$B$2:$B$3000="추천 약제(로테이션)")*('전체 방제 정보'!$F$2:$F$3000=3)*(ROW('전체 방제 정보'!$E$2:$E$3000)-1))))) | P8: =IF(SUMPRODUCT(('전체 방제 정보'!$E$2:$E$3000=$B$4)*('전체 방제 정보'!$B$2:$B$3000="추천 약제(로테이션)")*('전체 방제 정보'!$F$2:$F$3000=3)*(ROW('전체 방제 정보'!$E$2:$E$3000)-1))=0,"",IF(INDEX('전체 방제 정보'!$R$2:$R$3000,SUMPRODUCT(('전체 방제 정보'!$E$2:$E$3000=$B$4)*('전체 방제 정보'!$B$2:$B$3000="추천 약제(로테이션)")*('전체 방제 정보'!$F$2:$F$3000=3)*(ROW('전체 방제 정보'!$E$2:$E$3000)-1)))="","",INDEX('전체 방제 정보'!$R$2:$R$3000,SUMPRODUCT(('전체 방제 정보'!$E$2:$E$3000=$B$4)*('전체 방제 정보'!$B$2:$B$3000="추천 약제(로테이션)")*('전체 방제 정보'!$F$2:$F$3000=3)*(ROW('전체 방제 정보'!$E$2:$E$3000)-1)))))
D9: =IF(SUMPRODUCT(('전체 방제 정보'!$E$2:$E$3000=$B$4)*('전체 방제 정보'!$B$2:$B$3000="추천 약제(로테이션)")*('전체 방제 정보'!$F$2:$F$3000=4)*(ROW('전체 방제 정보'!$E$2:$E$3000)-1))=0,"",4) | E9: =IF(SUMPRODUCT(('전체 방제 정보'!$E$2:$E$3000=$B$4)*('전체 방제 정보'!$B$2:$B$3000="추천 약제(로테이션)")*('전체 방제 정보'!$F$2:$F$3000=4)*(ROW('전체 방제 정보'!$E$2:$E$3000)-1))=0,"",IF(INDEX('전체 방제 정보'!$G$2:$G$3000,SUMPRODUCT(('전체 방제 정보'!$E$2:$E$3000=$B$4)*('전체 방제 정보'!$B$2:$B$3000="추천 약제(로테이션)")*('전체 방제 정보'!$F$2:$F$3000=4)*(ROW('전체 방제 정보'!$E$2:$E$3000)-1)))="","",INDEX('전체 방제 정보'!$G$2:$G$3000,SUMPRODUCT(('전체 방제 정보'!$E$2:$E$3000=$B$4)*('전체 방제 정보'!$B$2:$B$3000="추천 약제(로테이션)")*('전체 방제 정보'!$F$2:$F$3000=4)*(ROW('전체 방제 정보'!$E$2:$E$3000)-1))))) | F9: =IF(SUMPRODUCT(('전체 방제 정보'!$E$2:$E$3000=$B$4)*('전체 방제 정보'!$B$2:$B$3000="추천 약제(로테이션)")*('전체 방제 정보'!$F$2:$F$3000=4)*(ROW('전체 방제 정보'!$E$2:$E$3000)-1))=0,"",IF(INDEX('전체 방제 정보'!$H$2:$H$3000,SUMPRODUCT(('전체 방제 정보'!$E$2:$E$3000=$B$4)*('전체 방제 정보'!$B$2:$B$3000="추천 약제(로테이션)")*('전체 방제 정보'!$F$2:$F$3000=4)*(ROW('전체 방제 정보'!$E$2:$E$3000)-1)))="","",INDEX('전체 방제 정보'!$H$2:$H$3000,SUMPRODUCT(('전체 방제 정보'!$E$2:$E$3000=$B$4)*('전체 방제 정보'!$B$2:$B$3000="추천 약제(로테이션)")*('전체 방제 정보'!$F$2:$F$3000=4)*(ROW('전체 방제 정보'!$E$2:$E$3000)-1))))) | G9: =IF(SUMPRODUCT(('전체 방제 정보'!$E$2:$E$3000=$B$4)*('전체 방제 정보'!$B$2:$B$3000="추천 약제(로테이션)")*('전체 방제 정보'!$F$2:$F$3000=4)*(ROW('전체 방제 정보'!$E$2:$E$3000)-1))=0,"",IF(INDEX('전체 방제 정보'!$I$2:$I$3000,SUMPRODUCT(('전체 방제 정보'!$E$2:$E$3000=$B$4)*('전체 방제 정보'!$B$2:$B$3000="추천 약제(로테이션)")*('전체 방제 정보'!$F$2:$F$3000=4)*(ROW('전체 방제 정보'!$E$2:$E$3000)-1)))="","",INDEX('전체 방제 정보'!$I$2:$I$3000,SUMPRODUCT(('전체 방제 정보'!$E$2:$E$3000=$B$4)*('전체 방제 정보'!$B$2:$B$3000="추천 약제(로테이션)")*('전체 방제 정보'!$F$2:$F$3000=4)*(ROW('전체 방제 정보'!$E$2:$E$3000)-1))))) | H9: =IF(SUMPRODUCT(('전체 방제 정보'!$E$2:$E$3000=$B$4)*('전체 방제 정보'!$B$2:$B$3000="추천 약제(로테이션)")*('전체 방제 정보'!$F$2:$F$3000=4)*(ROW('전체 방제 정보'!$E$2:$E$3000)-1))=0,"",IF(INDEX('전체 방제 정보'!$J$2:$J$3000,SUMPRODUCT(('전체 방제 정보'!$E$2:$E$3000=$B$4)*('전체 방제 정보'!$B$2:$B$3000="추천 약제(로테이션)")*('전체 방제 정보'!$F$2:$F$3000=4)*(ROW('전체 방제 정보'!$E$2:$E$3000)-1)))="","",INDEX('전체 방제 정보'!$J$2:$J$3000,SUMPRODUCT(('전체 방제 정보'!$E$2:$E$3000=$B$4)*('전체 방제 정보'!$B$2:$B$3000="추천 약제(로테이션)")*('전체 방제 정보'!$F$2:$F$3000=4)*(ROW('전체 방제 정보'!$E$2:$E$3000)-1))))) | I9: =IF(SUMPRODUCT(('전체 방제 정보'!$E$2:$E$3000=$B$4)*('전체 방제 정보'!$B$2:$B$3000="추천 약제(로테이션)")*('전체 방제 정보'!$F$2:$F$3000=4)*(ROW('전체 방제 정보'!$E$2:$E$3000)-1))=0,"",IF(INDEX('전체 방제 정보'!$K$2:$K$3000,SUMPRODUCT(('전체 방제 정보'!$E$2:$E$3000=$B$4)*('전체 방제 정보'!$B$2:$B$3000="추천 약제(로테이션)")*('전체 방제 정보'!$F$2:$F$3000=4)*(ROW('전체 방제 정보'!$E$2:$E$3000)-1)))="","",INDEX('전체 방제 정보'!$K$2:$K$3000,SUMPRODUCT(('전체 방제 정보'!$E$2:$E$3000=$B$4)*('전체 방제 정보'!$B$2:$B$3000="추천 약제(로테이션)")*('전체 방제 정보'!$F$2:$F$3000=4)*(ROW('전체 방제 정보'!$E$2:$E$3000)-1))))) | J9: =IF(SUMPRODUCT(('전체 방제 정보'!$E$2:$E$3000=$B$4)*('전체 방제 정보'!$B$2:$B$3000="추천 약제(로테이션)")*('전체 방제 정보'!$F$2:$F$3000=4)*(ROW('전체 방제 정보'!$E$2:$E$3000)-1))=0,"",IF(INDEX('전체 방제 정보'!$L$2:$L$3000,SUMPRODUCT(('전체 방제 정보'!$E$2:$E$3000=$B$4)*('전체 방제 정보'!$B$2:$B$3000="추천 약제(로테이션)")*('전체 방제 정보'!$F$2:$F$3000=4)*(ROW('전체 방제 정보'!$E$2:$E$3000)-1)))="","",INDEX('전체 방제 정보'!$L$2:$L$3000,SUMPRODUCT(('전체 방제 정보'!$E$2:$E$3000=$B$4)*('전체 방제 정보'!$B$2:$B$3000="추천 약제(로테이션)")*('전체 방제 정보'!$F$2:$F$3000=4)*(ROW('전체 방제 정보'!$E$2:$E$3000)-1))))) | K9: =IF(SUMPRODUCT(('전체 방제 정보'!$E$2:$E$3000=$B$4)*('전체 방제 정보'!$B$2:$B$3000="추천 약제(로테이션)")*('전체 방제 정보'!$F$2:$F$3000=4)*(ROW('전체 방제 정보'!$E$2:$E$3000)-1))=0,"",IF(INDEX('전체 방제 정보'!$M$2:$M$3000,SUMPRODUCT(('전체 방제 정보'!$E$2:$E$3000=$B$4)*('전체 방제 정보'!$B$2:$B$3000="추천 약제(로테이션)")*('전체 방제 정보'!$F$2:$F$3000=4)*(ROW('전체 방제 정보'!$E$2:$E$3000)-1)))="","",INDEX('전체 방제 정보'!$M$2:$M$3000,SUMPRODUCT(('전체 방제 정보'!$E$2:$E$3000=$B$4)*('전체 방제 정보'!$B$2:$B$3000="추천 약제(로테이션)")*('전체 방제 정보'!$F$2:$F$3000=4)*(ROW('전체 방제 정보'!$E$2:$E$3000)-1))))) | L9: =IF(SUMPRODUCT(('전체 방제 정보'!$E$2:$E$3000=$B$4)*('전체 방제 정보'!$B$2:$B$3000="추천 약제(로테이션)")*('전체 방제 정보'!$F$2:$F$3000=4)*(ROW('전체 방제 정보'!$E$2:$E$3000)-1))=0,"",IF(INDEX('전체 방제 정보'!$N$2:$N$3000,SUMPRODUCT(('전체 방제 정보'!$E$2:$E$3000=$B$4)*('전체 방제 정보'!$B$2:$B$3000="추천 약제(로테이션)")*('전체 방제 정보'!$F$2:$F$3000=4)*(ROW('전체 방제 정보'!$E$2:$E$3000)-1)))="","",INDEX('전체 방제 정보'!$N$2:$N$3000,SUMPRODUCT(('전체 방제 정보'!$E$2:$E$3000=$B$4)*('전체 방제 정보'!$B$2:$B$3000="추천 약제(로테이션)")*('전체 방제 정보'!$F$2:$F$3000=4)*(ROW('전체 방제 정보'!$E$2:$E$3000)-1))))) | M9: =IF(SUMPRODUCT(('전체 방제 정보'!$E$2:$E$3000=$B$4)*('전체 방제 정보'!$B$2:$B$3000="추천 약제(로테이션)")*('전체 방제 정보'!$F$2:$F$3000=4)*(ROW('전체 방제 정보'!$E$2:$E$3000)-1))=0,"",IF(INDEX('전체 방제 정보'!$O$2:$O$3000,SUMPRODUCT(('전체 방제 정보'!$E$2:$E$3000=$B$4)*('전체 방제 정보'!$B$2:$B$3000="추천 약제(로테이션)")*('전체 방제 정보'!$F$2:$F$3000=4)*(ROW('전체 방제 정보'!$E$2:$E$3000)-1)))="","",INDEX('전체 방제 정보'!$O$2:$O$3000,SUMPRODUCT(('전체 방제 정보'!$E$2:$E$3000=$B$4)*('전체 방제 정보'!$B$2:$B$3000="추천 약제(로테이션)")*('전체 방제 정보'!$F$2:$F$3000=4)*(ROW('전체 방제 정보'!$E$2:$E$3000)-1))))) | N9: =IF(SUMPRODUCT(('전체 방제 정보'!$E$2:$E$3000=$B$4)*('전체 방제 정보'!$B$2:$B$3000="추천 약제(로테이션)")*('전체 방제 정보'!$F$2:$F$3000=4)*(ROW('전체 방제 정보'!$E$2:$E$3000)-1))=0,"",IF(INDEX('전체 방제 정보'!$P$2:$P$3000,SUMPRODUCT(('전체 방제 정보'!$E$2:$E$3000=$B$4)*('전체 방제 정보'!$B$2:$B$3000="추천 약제(로테이션)")*('전체 방제 정보'!$F$2:$F$3000=4)*(ROW('전체 방제 정보'!$E$2:$E$3000)-1)))="","",INDEX('전체 방제 정보'!$P$2:$P$3000,SUMPRODUCT(('전체 방제 정보'!$E$2:$E$3000=$B$4)*('전체 방제 정보'!$B$2:$B$3000="추천 약제(로테이션)")*('전체 방제 정보'!$F$2:$F$3000=4)*(ROW('전체 방제 정보'!$E$2:$E$3000)-1))))) | O9: =IF(SUMPRODUCT(('전체 방제 정보'!$E$2:$E$3000=$B$4)*('전체 방제 정보'!$B$2:$B$3000="추천 약제(로테이션)")*('전체 방제 정보'!$F$2:$F$3000=4)*(ROW('전체 방제 정보'!$E$2:$E$3000)-1))=0,"",IF(INDEX('전체 방제 정보'!$Q$2:$Q$3000,SUMPRODUCT(('전체 방제 정보'!$E$2:$E$3000=$B$4)*('전체 방제 정보'!$B$2:$B$3000="추천 약제(로테이션)")*('전체 방제 정보'!$F$2:$F$3000=4)*(ROW('전체 방제 정보'!$E$2:$E$3000)-1)))="","",INDEX('전체 방제 정보'!$Q$2:$Q$3000,SUMPRODUCT(('전체 방제 정보'!$E$2:$E$3000=$B$4)*('전체 방제 정보'!$B$2:$B$3000="추천 약제(로테이션)")*('전체 방제 정보'!$F$2:$F$3000=4)*(ROW('전체 방제 정보'!$E$2:$E$3000)-1))))) | P9: =IF(SUMPRODUCT(('전체 방제 정보'!$E$2:$E$3000=$B$4)*('전체 방제 정보'!$B$2:$B$3000="추천 약제(로테이션)")*('전체 방제 정보'!$F$2:$F$3000=4)*(ROW('전체 방제 정보'!$E$2:$E$3000)-1))=0,"",IF(INDEX('전체 방제 정보'!$R$2:$R$3000,SUMPRODUCT(('전체 방제 정보'!$E$2:$E$3000=$B$4)*('전체 방제 정보'!$B$2:$B$3000="추천 약제(로테이션)")*('전체 방제 정보'!$F$2:$F$3000=4)*(ROW('전체 방제 정보'!$E$2:$E$3000)-1)))="","",INDEX('전체 방제 정보'!$R$2:$R$3000,SUMPRODUCT(('전체 방제 정보'!$E$2:$E$3000=$B$4)*('전체 방제 정보'!$B$2:$B$3000="추천 약제(로테이션)")*('전체 방제 정보'!$F$2:$F$3000=4)*(ROW('전체 방제 정보'!$E$2:$E$3000)-1)))))
A11: ② 병해충 | D11: 적용 약제 | I11: 사용 방법 (희석 · 방법 · 시기 · 횟수) | O11: 주의사항 | Q11: 약제 상세
A12: 병해충명 | B12: 병해충 구분 | C12: 작물명 | D12: 순위 | E12: 약제명 | F12: 제형 | G12: 학교 보유 | H12: 방제 구분 | I12: 희석배수 | J12: 살포 방법 | K12: 살포 시기 | L12: 수확 전 사용 제한 | M12: 최대 살포 횟수 | N12: 살포 간격 | O12: 주의사항 | P12: 혼용 정보 | Q12: 유효성분 | R12: 작용기작
A13: 갈색무늬병 | B13: 병해 | C13: 파프리카 | D13: 1 | E13: 탄쟈비상 | F13: 액상수화제 | G13: 미보유 | H13: 등록 농약 | I13: 2000 | J13: 경엽처리 | L13: 수확3일전 | M13: 3 | O13: 등록된 약제가 1개뿐이라 대체(로테이션)용은 없습니다. | P13: 모스피란과 혼용 가능(경농 조회) | Q13: Trifloxystrobin | R13: 다3
A14: 갈색점무늬병 | B14: 병해 | C14: 파프리카 | D14: 1 | E14: 버픽스 | F14: 액상수화제 | G14: 보유 | H14: 등록 농약 | I14: 2000 | J14: 경엽처리 | L14: 수확3일전 | M14: 3 | P14: 혼용정보 미확인 — 사용 전 제조사(동방아그로 1644-7337) 확인 | Q14: Florylpicoxamid | R14: 다4
A15: 갈색점무늬병 | B15: 병해 | C15: 파프리카 | D15: 2 | E15: 벨리스플러스 | F15: 입상수화제 | G15: 보유 | H15: 등록 농약 | I15: 2000 | J15: 경엽처리 | L15: 수확5일전 | M15: 2 | P15: 모스피란과 혼용 가능(경농 조회) | Q15: Boscalid+Pyraclostrobin | R15: 다3,다2
A16: 갈색점무늬병 | B16: 병해 | C16: 파프리카 | D16: 3 | E16: 오조아 | F16: 수화제 | G16: 미보유 | H16: 등록 농약 | I16: 2000 | J16: 경엽처리 | L16: 수확5일전 | M16: 4 | Q16: Fluazinam | R16: 다5
A17: 갈색점무늬병 | B17: 병해 | C17: 파프리카 | D17: 4 | E17: 경탄 | F17: 액상수화제 | G17: 미보유 | H17: 등록 농약 | I17: 1000 | J17: 경엽처리 | L17: 수확3일전 | M17: 3 | Q17: Chlorothalonil+Kresoxim-methyl | R17: 카,다3
A18: 붉은썩음병 | B18: 병해 | C18: 파프리카 | D18: 1 | E18: 스포르곤 | F18: 수화제 | G18: 미보유 | H18: 등록 농약 | I18: 1000 | J18: 관주처리 | L18: 수확7일전 | M18: 3 | P18: 모스피란 · 코니도 · 타스타와의 혼용 조합 자료 없음 | Q18: Prochloraz-manganese | R18: 사1
A19: 붉은썩음병 | B19: 병해 | C19: 파프리카 | D19: 2 | E19: 균디스 | F19: 액상수화제 | G19: 미보유 | H19: 등록 농약 | I19: 4000 | J19: 관주처리 | L19: 수확3일전 | M19: 3 | Q19: Azoxystrobin | R19: 다3
A20: 뿌리썩음병 | B20: 병해 | C20: 파프리카 | D20: 1 | E20: 스포르곤 | F20: 입제 | G20: 미보유 | H20: 등록 농약 | I20: 1000 | J20: 관주처리 | L20: 수확7일전 | M20: 3 | O20: 등록된 약제가 1개뿐이라 대체(로테이션)용은 없습니다. | P20: 모스피란 · 코니도 · 타스타와의 혼용 조합 자료 없음 | Q20: Prochloraz-manganese | R20: 사1
A21: 세균점무늬병 | B21: 병해 | C21: 파프리카 | D21: 1 | E21: 무름반점뚝 | F21: 수화제 | G21: 보유 | H21: 등록 농약 | I21: 1000 | J21: 경엽처리 | L21: 수확7일전 | M21: 3 | P21: 혼용정보 미확인 — 사용 전 제조사(대유) 확인 | Q21: Oxolinic acid | R21: 가4
A22: 세균점무늬병 | B22: 병해 | C22: 파프리카 | D22: 2 | E22: 미스타클린 | F22: 수화제 | G22: 보유 | H22: 등록 농약 | I22: 1000 | J22: 경엽처리 | L22: 수확3일전 | M22: 3 | Q22: Oxytetracycline dihydrate+Validamycin A | R22: 라5+미분류(살균제)
A23: 세균점무늬병 | B23: 병해 | C23: 파프리카 | D23: 3 | E23: 가스란 | F23: 수화제 | G23: 미보유 | H23: 등록 농약 | I23: 1000 | J23: 경엽처리 | L23: 수확2일전 | M23: 5 | P23: 모스피란과 혼용 가능(경농 조회) | Q23: 코퍼옥시클로라이드.가스가마이신 (Copper oxychloride+Kasugamycin) | R23: 라3,카
A24: 세균점무늬병 | B24: 병해 | C24: 파프리카 | D24: 4 | E24: 골든벨 | F24: 액상수화제 | G24: 미보유 | H24: 등록 농약 | I24: 1000 | J24: 경엽처리 | L24: 수확2일전 | M24: 3 | Q24: 가스가마이신.티오파네이트메틸 (Kasugamycin+Thiophanate-methyl) | R24: 나1,라3
A25: 잿빛곰팡이병 | B25: 병해 | C25: 파프리카 | D25: 1 | E25: 버픽스 | F25: 액상수화제 | G25: 보유 | H25: 등록 농약 | I25: 2000 | J25: 경엽처리 | L25: 수확3일전 | M25: 3 | P25: 혼용정보 미확인 — 사용 전 제조사(동방아그로 1644-7337) 확인 | Q25: Florylpicoxamid | R25: 다4
A26: 잿빛곰팡이병 | B26: 병해 | C26: 파프리카 | D26: 2 | E26: 미래빛 | F26: 액상수화제 | G26: 보유 | H26: 등록 농약 | I26: 4000 | J26: 경엽처리 | L26: 수확3일전 | M26: 3 | Q26: Pydiflumetofen | R26: 다2
A27: 잿빛곰팡이병 | B27: 병해 | C27: 파프리카 | D27: 3 | E27: 사파이어 | F27: 액상수화제 | G27: 보유 | H27: 등록 농약 | I27: 2000 | J27: 경엽처리 | L27: 수확3일전 | M27: 2 | Q27: Fludioxonil | R27: 마2
A28: 잿빛곰팡이병 | B28: 병해 | C28: 파프리카 | D28: 4 | E28: 오조아 | F28: 수화제 | G28: 미보유 | H28: 등록 농약 | I28: 2000 | J28: 경엽처리 | L28: 수확5일전 | M28: 4 | Q28: Fluazinam | R28: 다5
A29: 탄저병 | B29: 병해 | C29: 파프리카 | D29: 1 | E29: 벨리스플러스 | F29: 입상수화제 | G29: 보유 | H29: 등록 농약 | I29: 2000 | J29: 경엽처리 | L29: 수확5일전 | M29: 2 | P29: 모스피란과 혼용 가능(경농 조회) | Q29: Boscalid+Pyraclostrobin | R29: 다3,다2
A30: 탄저병 | B30: 병해 | C30: 파프리카 | D30: 2 | E30: 다놀라 | F30: 액상 | G30: 보유 | H30: 등록 농약 | O30: 원본에 희석배수·사용방법·안전사용기준 미기재 | P30: 모스피란과 혼용 가능(경농 조회) | Q30: 디페노코나졸.피라클로스트로빈 (Difenoconazole+Pyraclostrobin) | R30: 사1,다3
A31: 탄저병 | B31: 병해 | C31: 파프리카 | D31: 3 | E31: 미리본 | G31: 보유 | H31: 등록 농약 | O31: 원본에 희석배수·사용방법·안전사용기준 미기재 | Q31: 플룩사피록사드.피라클로스트로빈 (Fluxapyroxad+Pyraclostrobin) | R31: 다3,다2
A32: 탄저병 | B32: 병해 | C32: 파프리카 | D32: 4 | E32: 벨쿠트 | F32: 수화제 | G32: 보유 | H32: 등록 농약 | O32: 원본에 희석배수·사용방법·안전사용기준 미기재 | P32: 모스피란 · 코니도와 혼용 가능(경농·팜한농 조회) | Q32: 이미녹타딘트리스알베실레이트 (Iminoctadin tris (albesilate)) | R32: 카
A33: 풋마름병 | B33: 병해 | C33: 파프리카 | D33: 1 | E33: 크린쏘일 | F33: 입제 | G33: 미보유 | H33: 등록 농약 | J33: 토양처리 | K33: 정식 4주일 전 | M33: 1 | O33: 가이드 추천문에는 유효성분 'Metam-sodium', 사용방법 '관주처리', 안전사용기준 '정식4주전 / 1회'(으)로 표기 — 원본 내 표기 상이, 확인 필요 | Q33: Dazomet | R33: 미분류(살균제)
A34: 거세미나방류 | B34: 해충 | C34: 파프리카 | D34: 1 | E34: 쏘버린 | F34: 입제 | G34: 미보유 | H34: 등록 농약 | J34: 토양처리 | K34: 정식기 | M34: 1 | P34: 정식 시 흙에 뿌리는 입제 — 혼용정보표 대상 아님 | Q34: Carbosulfan | R34: 1a
A35: 거세미나방류 | B35: 해충 | C35: 파프리카 | D35: 2 | E35: 보라충 | F35: 입제 | G35: 미보유 | H35: 등록 농약 | J35: 토양처리 | K35: 정식기 | M35: 1 | Q35: Phoxim | R35: 1b
A36: 거세미나방류 | B36: 해충 | C36: 파프리카 | D36: 3 | E36: 싸이포스 | F36: 입제 | G36: 미보유 | H36: 등록 농약 | J36: 토양처리 | K36: 정식기 | M36: 1 | Q36: Cypermethrin+Tebupirimfos | R36: 3a+1b
A37: 과실파리류 | B37: 해충 | C37: 파프리카 | D37: 1 | E37: 모스피란 | F37: 수화제 | G37: 보유 | H37: 등록 농약 | I37: 2000 | J37: 경엽처리 | L37: 수확5일전 | M37: 3 | P37: 혼용 가능 살균제(경농 조회): 탄쟈비상 · 벨리스플러스 · 다놀라 · 벨쿠트 · 가스란 | Q37: 아세타미프리드 (Acetamiprid) | R37: 4a
A38: 과실파리류 | B38: 해충 | C38: 파프리카 | D38: 2 | E38: 동작그만 | F38: 유제 | G38: 보유 | H38: 등록 농약 | I38: 2000 | J38: 경엽처리 | L38: 수확2일전 | M38: 3 | Q38: 에마멕틴벤조에이트 (Emamectin benzoate) | R38: 6
A39: 과실파리류 | B39: 해충 | C39: 파프리카 | D39: 3 | E39: 델리게이트 | F39: 입상수화제 | G39: 보유 | H39: 등록 농약 | I39: 2000 | J39: 경엽처리 | L39: 수확2일전 | M39: 3 | Q39: 스피네토람 (Spinetoram) | R39: 5
A40: 과실파리류 | B40: 해충 | C40: 파프리카 | D40: 4 | E40: 뉴증원군 | F40: 유제 | G40: 보유 | H40: 등록 농약 | O40: 원본에 희석배수·사용방법·안전사용기준 미기재 | Q40: 비펜트린 (Bifenthrin) | R40: 3a
A41: 꽃노랑총채벌레 | B41: 해충 | C41: 파프리카 | D41: 1 | E41: 모스피란 | F41: 수화제 | G41: 보유 | H41: 등록 농약 | I41: 2000 | J41: 경엽처리 | L41: 수확5일전 | M41: 3 | P41: 혼용 가능 살균제(경농 조회): 탄쟈비상 · 벨리스플러스 · 다놀라 · 벨쿠트 · 가스란 | Q41: 아세타미프리드 (Acetamiprid) | R41: 4a
A42: 꽃노랑총채벌레 | B42: 해충 | C42: 파프리카 | D42: 2 | E42: 동작그만 | F42: 유제 | G42: 보유 | H42: 등록 농약 | I42: 2000 | J42: 경엽처리 | L42: 수확2일전 | M42: 3 | Q42: 에마멕틴벤조에이트 (Emamectin benzoate) | R42: 6
A43: 꽃노랑총채벌레 | B43: 해충 | C43: 파프리카 | D43: 3 | E43: 디져스 | F43: 유제 | G43: 보유 | H43: 등록 농약 | I43: 1000 | J43: 경엽처리 | L43: 수확2일전 | M43: 2 | Q43: Fluxametamide+Pyrifluquinazon | R43: 30+9b
A44: 꽃노랑총채벌레 | B44: 해충 | C44: 파프리카 | D44: 4 | E44: 강철비 | F44: 액상수화제 | G44: 보유 | H44: 등록 농약 | I44: 2000 | J44: 경엽처리 | L44: 수확2일전 | M44: 2 | P44: 혼용정보 미확인 — 사용 전 제조사(인바이오 031-477-6011) 확인 | Q44: Chlorantraniliprole+Emamectin benzoate | R44: 28+6
A45: 꽃노랑총채벌레 | B45: 해충 | C45: 고추 | E45: 한방싹충도사 | H45: 유기농업자재 | I45: 1000 | J45: 경엽처리 | K45: 발생초기 | O45: 화학농약이 아닌 유기농업자재 — 등록 농약과 안전사용기준·법적 지위가 다름 | Q45: 오렌지추출물 15%+파라핀오일 65%
A46: 꽃노랑총채벌레 | B46: 해충 | C46: 오이(시험) | E46: 뉴응칠이 | H46: 유기농업자재 | I46: 1000 | J46: 경엽처리 | O46: 고추가 아닌 오이 시험 결과 / 화학농약이 아닌 유기농업자재 — 등록 농약과 안전사용기준·법적 지위가 다름 / 접촉성 제제(잎 뒷면까지 흠뻑 살포) · 강알칼리성 제제·석회보르도액·유황합제 혼용 금지 · 꿀벌 활동에 영향 가능 | Q46: 유칼립투스오일 30%+고삼추출물 50%
A47: 담배가루이 | B47: 해충 | C47: 파프리카 | D47: 1 | E47: 모스피란 | F47: 수화제 | G47: 보유 | H47: 등록 농약 | I47: 2000 | J47: 경엽처리 | L47: 수확5일전 | M47: 3 | P47: 혼용 가능 살균제(경농 조회): 탄쟈비상 · 벨리스플러스 · 다놀라 · 벨쿠트 · 가스란 | Q47: 아세타미프리드 (Acetamiprid) | R47: 4a
A48: 담배가루이 | B48: 해충 | C48: 파프리카 | D48: 2 | E48: 동작그만 | F48: 유제 | G48: 보유 | H48: 등록 농약 | I48: 2000 | J48: 경엽처리 | L48: 수확2일전 | M48: 3 | Q48: 에마멕틴벤조에이트 (Emamectin benzoate) | R48: 6
A49: 담배가루이 | B49: 해충 | C49: 파프리카 | D49: 3 | E49: 디져스 | F49: 유제 | G49: 보유 | H49: 등록 농약 | I49: 1000 | J49: 경엽처리 | L49: 수확2일전 | M49: 2 | Q49: Fluxametamide+Pyrifluquinazon | R49: 30+9b
A50: 담배가루이 | B50: 해충 | C50: 파프리카 | D50: 4 | E50: 산마루 | F50: 수화제 | G50: 보유 | H50: 등록 농약 | I50: 1000 | J50: 경엽처리 | L50: 수확3일전 | M50: 2 | Q50: Pyridaben | R50: 21a
A51: 복숭아혹진딧물 | B51: 해충 | C51: 파프리카 | D51: 1 | E51: 모스피란 | F51: 수화제 | G51: 보유 | H51: 등록 농약 | I51: 2000 | J51: 경엽처리 | L51: 수확5일전 | M51: 3 | P51: 혼용 가능 살균제(경농 조회): 탄쟈비상 · 벨리스플러스 · 다놀라 · 벨쿠트 · 가스란 | Q51: 아세타미프리드 (Acetamiprid) | R51: 4a
A52: 복숭아혹진딧물 | B52: 해충 | C52: 파프리카 | D52: 2 | E52: 디져스 | F52: 유제 | G52: 보유 | H52: 등록 농약 | I52: 1000 | J52: 경엽처리 | L52: 수확2일전 | M52: 2 | Q52: Fluxametamide+Pyrifluquinazon | R52: 30+9b
A53: 복숭아혹진딧물 | B53: 해충 | C53: 파프리카 | D53: 3 | E53: 기대찬 | F53: 입상수화제 | G53: 보유 | H53: 등록 농약 | I53: 2000 | J53: 경엽처리 | L53: 수확3일전 | M53: 2 | Q53: Emamectin benzoate+Flonicamid | R53: 6+29
A54: 복숭아혹진딧물 | B54: 해충 | C54: 파프리카 | D54: 4 | E54: 세티스 | G54: 보유 | H54: 등록 농약 | I54: 2000 | J54: 관주처리(양액재배) | M54: 2 | N54: 30일 간격 | Q54: Flonicamid | R54: 29
A55: 복숭아혹진딧물 | B55: 해충 | C55: 고추 | E55: 뉴응칠이 | H55: 유기농업자재 | I55: 1000 | J55: 경엽처리 | K55: 생육기 | O55: 화학농약이 아닌 유기농업자재 — 등록 농약과 안전사용기준·법적 지위가 다름 / 접촉성 제제(잎 뒷면까지 흠뻑 살포) · 강알칼리성 제제·석회보르도액·유황합제 혼용 금지 · 꿀벌 활동에 영향 가능 | Q55: 유칼립투스오일 30%+고삼추출물 50%
A56: 온실가루이 | B56: 해충 | C56: 파프리카 | D56: 1 | E56: 코니도 | F56: 수화제 | G56: 미보유 | H56: 등록 농약 | I56: 2000 | J56: 경엽처리 | L56: 수확3일전 | M56: 3 | O56: 가이드 추천문에는 안전사용기준 '수확5일전 / 3회'(으)로 표기 — 원본 내 표기 상이, 확인 필요 | P56: 혼용 가능 살균제(팜한농 조회): 벨쿠트 | Q56: Imidacloprid | R56: 4a
A57: 온실가루이 | B57: 해충 | C57: 오이(시험) | E57: 한방싹충도사 | H57: 유기농업자재 | I57: 1000 | J57: 경엽처리 | O57: 고추가 아닌 오이 시험 결과 / 화학농약이 아닌 유기농업자재 — 등록 농약과 안전사용기준·법적 지위가 다름 | Q57: 오렌지추출물 15%+파라핀오일 65%
A58: 온실가루이 | B58: 해충 | C58: 오이(시험) | E58: 뉴응칠이 | H58: 유기농업자재 | I58: 1000 | J58: 경엽처리 | O58: 고추가 아닌 오이 시험 결과 / 화학농약이 아닌 유기농업자재 — 등록 농약과 안전사용기준·법적 지위가 다름 / 접촉성 제제(잎 뒷면까지 흠뻑 살포) · 강알칼리성 제제·석회보르도액·유황합제 혼용 금지 · 꿀벌 활동에 영향 가능 | Q58: 유칼립투스오일 30%+고삼추출물 50%
A59: 진딧물(목화진딧물, 복숭아혹진딧물) | B59: 해충 | C59: 파프리카 | D59: 1 | E59: 아라치 | F59: 입상수화제 | G59: 미보유 | H59: 등록 농약 | I59: 2000 | J59: 경엽처리 | L59: 수확3일전 | M59: 3 | O59: 가이드 추천문에는 사용방법 '훈연처리', 안전사용기준 '수확2일전 / 2회'(으)로 표기 — 원본 내 표기 상이, 확인 필요 | Q59: Thiamethoxam | R59: 4a
A60: 진딧물(목화진딧물, 복숭아혹진딧물) | B60: 해충 | C60: 파프리카 | D60: 2 | E60: 주렁 | F60: 유제 | G60: 미보유 | H60: 등록 농약 | I60: 1000 | J60: 경엽처리 | L60: 수확2일전 | M60: 3 | Q60: Lambda-cyhalothrin | R60: 3a
A61: 차먼지응애 | B61: 해충 | C61: 파프리카 | D61: 1 | E61: 강철비 | F61: 액상수화제 | G61: 보유 | H61: 등록 농약 | I61: 2000 | J61: 경엽처리 | L61: 수확2일전 | M61: 2 | P61: 혼용정보 미확인 — 사용 전 제조사(인바이오 031-477-6011) 확인 | Q61: Chlorantraniliprole+Emamectin benzoate | R61: 28+6
A62: 차먼지응애 | B62: 해충 | C62: 파프리카 | D62: 2 | E62: 산마루 | F62: 수화제 | G62: 보유 | H62: 등록 농약 | I62: 1000 | J62: 경엽처리 | L62: 수확3일전 | M62: 2 | Q62: Pyridaben | R62: 21a
A63: 차먼지응애 | B63: 해충 | C63: 파프리카 | D63: 3 | E63: 인도에마 | F63: 수화제 | G63: 보유 | H63: 등록 농약 | I63: 2000 | J63: 경엽처리 | L63: 수확3일전 | M63: 2 | Q63: Emamectin benzoate+Indoxacarb | R63: 6+22a
A64: 차먼지응애 | B64: 해충 | C64: 파프리카 | D64: 4 | E64: 인시피오 | F64: 액상수화제 | G64: 보유 | H64: 등록 농약 | I64: 2500 | J64: 경엽처리 | L64: 수확3일전 | M64: 2 | Q64: Isocycloseram | R64: 30

Sheet 전체 방제 정보
A1: 번호 | B1: 정보 구분 | C1: 작물명 | D1: 병해충 구분 | E1: 병해충명 | F1: 순위 | G1: 약제명 | H1: 제형 | I1: 학교 보유 | J1: 방제 구분 | K1: 희석배수 | L1: 살포 방법 | M1: 살포 시기 | N1: 수확 전 사용 제한 | O1: 최대 살포 횟수 | P1: 살포 간격 | Q1: 주의사항 | R1: 혼용 정보 | S1: 유효성분 | T1: 작용기작 | U1: 겸용 대상(전체) | V1: 혼용 상대 약제 | W1: 혼용 가능 여부 | X1: 방제가(효과) | Y1: 제조사·공시사업자 | Z1: 연락처 | AA1: 관련 정보 | AB1: 비고 | AC1: 공시번호 | AD1: 자재구분 | AE1: 자재명 | AF1: 가격(500mL) | AG1: 등재일자 | AH1: 공시 시작일 | AI1: 공시 종료일 | AJ1: 사업자등록번호 | AK1: 책임보험 가입여부 | AL1: 사업장/제조장 | AM1: 농약/비료 등록여부 | AN1: 약제명(원문) | AO1: 안전사용기준(원문) | AP1: 원본 위치 | AQ1: 출처 | AR1: 자료 조회일
A2: 1 | B2: 추천 약제(로테이션) | C2: 파프리카 | D2: 병해 | E2: 갈색무늬병 | F2: 1 | G2: 탄쟈비상 | H2: 액상수화제 | I2: 미보유 | J2: 등록 농약 | K2: 2000 | L2: 경엽처리 | N2: 수확3일전 | O2: 3 | Q2: 등록된 약제가 1개뿐이라 대체(로테이션)용은 없습니다. | R2: 모스피란과 혼용 가능(경농 조회) | S2: Trifloxystrobin | T2: 다3 | U2: 갈색무늬병, 갈색점무늬병, 탄저병 | AA2: 1순위 추천(원문): 탄쟈비상 (Trifloxystrobin) [학교 미보유 - 구매 필요] 2000배 희석 · 경엽처리 · 안전사용기준: 수확3일전 / 3회 | AN2: 탄쟈비상 (액상수화제) | AO2: 수확3일전/3회 | AP2: PART 1. 병해(살균제) > 갈색무늬병 로테이션표
A3: 2 | B3: 추천 약제(로테이션) | C3: 파프리카 | D3: 병해 | E3: 갈색점무늬병 | F3: 1 | G3: 버픽스 | H3: 액상수화제 | I3: 보유 | J3: 등록 농약 | K3: 2000 | L3: 경엽처리 | N3: 수확3일전 | O3: 3 | R3: 혼용정보 미확인 — 사용 전 제조사(동방아그로 1644-7337) 확인 | S3: Florylpicoxamid | T3: 다4 | U3: 갈색점무늬병, 잿빛곰팡이병, 탄저병 | AA3: 1순위 추천(원문): 버픽스 (Florylpicoxamid) [학교 보유 중] 2000배 희석 · 경엽처리 · 안전사용기준: 수확3일전 / 3회 | AN3: 버픽스(액상수화제) | AO3: 수확3일전 / 3회 | AP3: PART 1. 병해(살균제) > 갈색점무늬병 로테이션표
A4: 3 | B4: 추천 약제(로테이션) | C4: 파프리카 | D4: 병해 | E4: 갈색점무늬병 | F4: 2 | G4: 벨리스플러스 | H4: 입상수화제 | I4: 보유 | J4: 등록 농약 | K4: 2000 | L4: 경엽처리 | N4: 수확5일전 | O4: 2 | R4: 모스피란과 혼용 가능(경농 조회) | S4: Boscalid+Pyraclostrobin | T4: 다3,다2 | U4: 갈색점무늬병, 탄저병 | AN4: 벨리스플러스(입상수화제) | AO4: 수확5일전 / 2회 | AP4: PART 1. 병해(살균제) > 갈색점무늬병 로테이션표
A5: 4 | B5: 추천 약제(로테이션) | C5: 파프리카 | D5: 병해 | E5: 갈색점무늬병 | F5: 3 | G5: 오조아 | H5: 수화제 | I5: 미보유 | J5: 등록 농약 | K5: 2000 | L5: 경엽처리 | N5: 수확5일전 | O5: 4 | S5: Fluazinam | T5: 다5 | U5: 갈색점무늬병, 잿빛곰팡이병, 탄저병, 역병, 차먼지응애 | AN5: 오조아 (수화제) | AO5: 수확5일전 / 4회 | AP5: PART 1. 병해(살균제) > 갈색점무늬병 로테이션표
A6: 5 | B6: 추천 약제(로테이션) | C6: 파프리카 | D6: 병해 | E6: 갈색점무늬병 | F6: 4 | G6: 경탄 | H6: 액상수화제 | I6: 미보유 | J6: 등록 농약 | K6: 1000 | L6: 경엽처리 | N6: 수확3일전 | O6: 3 | S6: Chlorothalonil+Kresoxim-methyl | T6: 카,다3 | U6: 갈색점무늬병, 탄저병, 역병 | AN6: 경탄 (액상수화제) | AO6: 수확3일전 / 3회 | AP6: PART 1. 병해(살균제) > 갈색점무늬병 로테이션표
A7: 6 | B7: 추천 약제(로테이션) | C7: 파프리카 | D7: 병해 | E7: 붉은썩음병 | F7: 1 | G7: 스포르곤 | H7: 수화제 | I7: 미보유 | J7: 등록 농약 | K7: 1000 | L7: 관주처리 | N7: 수확7일전 | O7: 3 | R7: 모스피란 · 코니도 · 타스타와의 혼용 조합 자료 없음 | S7: Prochloraz-manganese | T7: 사1 | U7: 붉은썩음병, 뿌리썩음병, 탄저병, 흰가루병, 흰비단병 | AA7: 1순위 추천(원문): 스포르곤 (Prochloraz-manganese) [학교 미보유 - 구매 필요] 1000배 희석 · 관주처리 · 안전사용기준: 수확7일전 / 3회 | AN7: 스포르곤(수화제) | AO7: 수확7일전 / 3회 | AP7: PART 1. 병해(살균제) > 붉은썩음병 로테이션표
A8: 7 | B8: 추천 약제(로테이션) | C8: 파프리카 | D8: 병해 | E8: 붉은썩음병 | F8: 2 | G8: 균디스 | H8: 액상수화제 | I8: 미보유 | J8: 등록 농약 | K8: 4000 | L8: 관주처리 | N8: 수확3일전 | O8: 3 | S8: Azoxystrobin | T8: 다3 | U8: 붉은썩음병, 탄저병 | AN8: 균디스(액상수화제) | AO8: 수확3일전 / 3회 | AP8: PART 1. 병해(살균제) > 붉은썩음병 로테이션표
A9: 8 | B9: 추천 약제(로테이션) | C9: 파프리카 | D9: 병해 | E9: 뿌리썩음병 | F9: 1 | G9: 스포르곤 | H9: 입제 | I9: 미보유 | J9: 등록 농약 | K9: 1000 | L9: 관주처리 | N9: 수확7일전 | O9: 3 | Q9: 등록된 약제가 1개뿐이라 대체(로테이션)용은 없습니다. | R9: 모스피란 · 코니도 · 타스타와의 혼용 조합 자료 없음 | S9: Prochloraz-manganese | T9: 사1 | U9: 붉은썩음병, 뿌리썩음병, 탄저병 | AA9: 1순위 추천(원문): 스포르곤 (Prochloraz-manganese) [학교 미보유 - 구매 필요] 1000배 희석 · 관주처리 · 안전사용기준: 수확7일전 / 3회 | AN9: 스포르곤(입제) | AO9: 수확7일전 / 3회 | AP9: PART 1. 병해(살균제) > 뿌리썩음병 로테이션표
A10: 9 | B10: 추천 약제(로테이션) | C10: 파프리카 | D10: 병해 | E10: 세균점무늬병 | F10: 1 | G10: 무름반점뚝 | H10: 수화제 | I10: 보유 | J10: 등록 농약 | K10: 1000 | L10: 경엽처리 | N10: 수확7일전 | O10: 3 | R10: 혼용정보 미확인 — 사용 전 제조사(대유) 확인 | S10: Oxolinic acid | T10: 가4 | U10: 세균점무늬병 | AA10: 1순위 추천(원문): 무름반점뚝 (Oxolinic acid) [학교 보유 중] 1000배 희석 · 경엽처리 · 안전사용기준: 수확7일전 / 3회 | AN10: 무름반점뚝(수화제) | AO10: 수확7일전 / 3회 | AP10: PART 1. 병해(살균제) > 세균점무늬병 로테이션표
A11: 10 | B11: 추천 약제(로테이션) | C11: 파프리카 | D11: 병해 | E11: 세균점무늬병 | F11: 2 | G11: 미스타클린 | H11: 수화제 | I11: 보유 | J11: 등록 농약 | K11: 1000 | L11: 경엽처리 | N11: 수확3일전 | O11: 3 | S11: Oxytetracycline dihydrate+Validamycin A | T11: 라5+미분류(살균제) | U11: 세균점무늬병 | AN11: 미스타클린 수화제 | AO11: 수확3일전 / 3회 | AP11: PART 1. 병해(살균제) > 세균점무늬병 로테이션표
A12: 11 | B12: 추천 약제(로테이션) | C12: 파프리카 | D12: 병해 | E12: 세균점무늬병 | F12: 3 | G12: 가스란 | H12: 수화제 | I12: 미보유 | J12: 등록 농약 | K12: 1000 | L12: 경엽처리 | N12: 수확2일전 | O12: 5 | R12: 모스피란과 혼용 가능(경농 조회) | S12: 코퍼옥시클로라이드.가스가마이신 (Copper oxychloride+Kasugamycin) | T12: 라3,카 | U12: 세균점무늬병, 탄저병 | AN12: 가스란(수화제) | AO12: 수확2일전 / 5회 | AP12: PART 1. 병해(살균제) > 세균점무늬병 로테이션표
A13: 12 | B13: 추천 약제(로테이션) | C13: 파프리카 | D13: 병해 | E13: 세균점무늬병 | F13: 4 | G13: 골든벨 | H13: 액상수화제 | I13: 미보유 | J13: 등록 농약 | K13: 1000 | L13: 경엽처리 | N13: 수확2일전 | O13: 3 | S13: 가스가마이신.티오파네이트메틸 (Kasugamycin+Thiophanate-methyl) | T13: 나1,라3 | U13: 세균점무늬병, 탄저병 | AN13: 골든벨(액상수화제) | AO13: 수확2일전 / 3회 | AP13: PART 1. 병해(살균제) > 세균점무늬병 로테이션표
A14: 13 | B14: 추천 약제(로테이션) | C14: 파프리카 | D14: 병해 | E14: 잿빛곰팡이병 | F14: 1 | G14: 버픽스 | H14: 액상수화제 | I14: 보유 | J14: 등록 농약 | K14: 2000 | L14: 경엽처리 | N14: 수확3일전 | O14: 3 | R14: 혼용정보 미확인 — 사용 전 제조사(동방아그로 1644-7337) 확인 | S14: Florylpicoxamid | T14: 다4 | U14: 갈색점무늬병, 잿빛곰팡이병 | AA14: 1순위 추천(원문): 버픽스 (Florylpicoxamid) [학교 보유 중] 2000배 희석 · 경엽처리 · 안전사용기준: 수확3일전 / 3회 | AN14: 버픽스 (액상수화제) | AO14: 수확3일전 / 3회 | AP14: PART 1. 병해(살균제) > 잿빛곰팡이병 로테이션표
A15: 14 | B15: 추천 약제(로테이션) | C15: 파프리카 | D15: 병해 | E15: 잿빛곰팡이병 | F15: 2 | G15: 미래빛 | H15: 액상수화제 | I15: 보유 | J15: 등록 농약 | K15: 4000 | L15: 경엽처리 | N15: 수확3일전 | O15: 3 | S15: Pydiflumetofen | T15: 다2 | U15: 잿빛곰팡이병 | AN15: 미래빛 (액상수화제) | AO15: 수확3일전 / 3회 | AP15: PART 1. 병해(살균제) > 잿빛곰팡이병 로테이션표
A16: 15 | B16: 추천 약제(로테이션) | C16: 파프리카 | D16: 병해 | E16: 잿빛곰팡이병 | F16: 3 | G16: 사파이어 | H16: 액상수화제 | I16: 보유 | J16: 등록 농약 | K16: 2000 | L16: 경엽처리 | N16: 수확3일전 | O16: 2 | S16: Fludioxonil | T16: 마2 | U16: 잿빛곰팡이병 | AN16: 사파이어 (액상수화제) | AO16: 수확3일전 / 2회 | AP16: PART 1. 병해(살균제) > 잿빛곰팡이병 로테이션표
A17: 16 | B17: 추천 약제(로테이션) | C17: 파프리카 | D17: 병해 | E17: 잿빛곰팡이병 | F17: 4 | G17: 오조아 | H17: 수화제 | I17: 미보유 | J17: 등록 농약 | K17: 2000 | L17: 경엽처리 | N17: 수확5일전 | O17: 4 | S17: Fluazinam | T17: 다5 | U17: 갈색점무늬병, 잿빛곰팡이병, 탄저병 | AN17: 오조아 (수화제) | AO17: 수확5일전 / 4회 | AP17: PART 1. 병해(살균제) > 잿빛곰팡이병 로테이션표
A18: 17 | B18: 추천 약제(로테이션) | C18: 파프리카 | D18: 병해 | E18: 탄저병 | F18: 1 | G18: 벨리스플러스 | H18: 입상수화제 | I18: 보유 | J18: 등록 농약 | K18: 2000 | L18: 경엽처리 | N18: 수확5일전 | O18: 2 | R18: 모스피란과 혼용 가능(경농 조회) | S18: Boscalid+Pyraclostrobin | T18: 다3,다2 | U18: 역병, 잿빛곰팡이병, 갈색점무늬병, 탄저병 | AA18: 1순위 추천(원문): 벨리스플러스 (Boscalid+Pyraclostrobin) [학교 보유 중] 2000배 희석 · 경엽처리 · 안전사용기준: 수확5일전 / 2회 | AN18: 벨리스플러스(입상수화제) | AO18: 수확5일전 / 2회 | AP18: PART 1. 병해(살균제) > 탄저병 로테이션표
A19: 18 | B19: 추천 약제(로테이션) | C19: 파프리카 | D19: 병해 | E19: 탄저병 | F19: 2 | G19: 다놀라 | H19: 액상 | I19: 보유 | J19: 등록 농약 | Q19: 원본에 희석배수·사용방법·안전사용기준 미기재 | R19: 모스피란과 혼용 가능(경농 조회) | S19: 디페노코나졸.피라클로스트로빈 (Difenoconazole+Pyraclostrobin) | T19: 사1,다3 | U19: 탄저병 | AN19: 다놀라 (액상) | AO19: - | AP19: PART 1. 병해(살균제) > 탄저병 로테이션표
A20: 19 | B20: 추천 약제(로테이션) | C20: 파프리카 | D20: 병해 | E20: 탄저병 | F20: 3 | G20: 미리본 | I20: 보유 | J20: 등록 농약 | Q20: 원본에 희석배수·사용방법·안전사용기준 미기재 | S20: 플룩사피록사드.피라클로스트로빈 (Fluxapyroxad+Pyraclostrobin) | T20: 다3,다2 | U20: 탄저병 | AN20: 미리본 | AO20: - | AP20: PART 1. 병해(살균제) > 탄저병 로테이션표
A21: 20 | B21: 추천 약제(로테이션) | C21: 파프리카 | D21: 병해 | E21: 탄저병 | F21: 4 | G21: 벨쿠트 | H21: 수화제 | I21: 보유 | J21: 등록 농약 | Q21: 원본에 희석배수·사용방법·안전사용기준 미기재 | R21: 모스피란 · 코니도와 혼용 가능(경농·팜한농 조회) | S21: 이미녹타딘트리스알베실레이트 (Iminoctadin tris (albesilate)) | T21: 카 | U21: 탄저병, 잿빛곰팡이병 | AN21: 벨쿠트(수화제) | AO21: - | AP21: PART 1. 병해(살균제) > 탄저병 로테이션표
A22: 21 | B22: 추천 약제(로테이션) | C22: 파프리카 | D22: 병해 | E22: 풋마름병 | F22: 1 | G22: 크린쏘일 | H22: 입제 | I22: 미보유 | J22: 등록 농약 | L22: 토양처리 | M22: 정식 4주일 전 | O22: 1 | Q22: 가이드 추천문에는 유효성분 'Metam-sodium', 사용방법 '관주처리', 안전사용기준 '정식4주전 / 1회'(으)로 표기 — 원본 내 표기 상이, 확인 필요 | S22: Dazomet | T22: 미분류(살균제) | U22: 풋마름병 | AA22: 1순위 추천(원문): 크린쏘일 (Metam-sodium) [학교 미보유 - 구매 필요] 관주처리 · 안전사용기준: 정식4주전 / 1회 | AN22: 크린쏘일 (입제) | AO22: 정식기 / 1회 | AP22: PART 1. 병해(살균제) > 풋마름병 로테이션표
A23: 22 | B23: 추천 약제(로테이션) | C23: 파프리카 | D23: 해충 | E23: 거세미나방류 | F23: 1 | G23: 쏘버린 | H23: 입제 | I23: 미보유 | J23: 등록 농약 | L23: 토양처리 | M23: 정식기 | O23: 1 | R23: 정식 시 흙에 뿌리는 입제 — 혼용정보표 대상 아님 | S23: Carbosulfan | T23: 1a | U23: 거세미나방류, 꽃노랑총채벌레 | AA23: 1순위 추천(원문): 쏘버린 (Carbosulfan) [학교 미보유 - 구매 필요] 토양처리 · 안전사용기준: 정식기 / 1회 | AN23: 쏘버린 (입제) | AO23: 정식기 / 1회 | AP23: PART 2. 해충(살충제) > 거세미나방류 로테이션표
A24: 23 | B24: 추천 약제(로테이션) | C24: 파프리카 | D24: 해충 | E24: 거세미나방류 | F24: 2 | G24: 보라충 | H24: 입제 | I24: 미보유 | J24: 등록 농약 | L24: 토양처리 | M24: 정식기 | O24: 1 | S24: Phoxim | T24: 1b | U24: 거세미나방류 | AN24: 보라충 (입제) | AO24: 정식기 / 1회 | AP24: PART 2. 해충(살충제) > 거세미나방류 로테이션표
A25: 24 | B25: 추천 약제(로테이션) | C25: 파프리카 | D25: 해충 | E25: 거세미나방류 | F25: 3 | G25: 싸이포스 | H25: 입제 | I25: 미보유 | J25: 등록 농약 | L25: 토양처리 | M25: 정식기 | O25: 1 | S25: Cypermethrin+Tebupirimfos | T25: 3a+1b | U25: 거세미나방류 | AN25: 싸이포스 (입제) | AO25: 정식기 / 1회 | AP25: PART 2. 해충(살충제) > 거세미나방류 로테이션표
A26: 25 | B26: 추천 약제(로테이션) | C26: 파프리카 | D26: 해충 | E26: 과실파리류 | F26: 1 | G26: 모스피란 | H26: 수화제 | I26: 보유 | J26: 등록 농약 | K26: 2000 | L26: 경엽처리 | N26: 수확5일전 | O26: 3 | R26: 혼용 가능 살균제(경농 조회): 탄쟈비상 · 벨리스플러스 · 다놀라 · 벨쿠트 · 가스란 | S26: 아세타미프리드 (Acetamiprid) | T26: 4a | U26: 과실파리류, 꽃노랑총채벌레, 담배가루이, 복숭아혹진딧물, 목화진딧물 | AA26: 1순위 추천(원문): 모스피란 (아세타미프리드 (Acetamiprid)) [학교 보유 중] 2000배 희석 · 경엽처리 · 안전사용기준: 수확5일전 / 3회 | AN26: 모스피란 (수화제) | AO26: 수확5일전 / 3회 | AP26: PART 2. 해충(살충제) > 과실파리류 로테이션표
A27: 26 | B27: 추천 약제(로테이션) | C27: 파프리카 | D27: 해충 | E27: 과실파리류 | F27: 2 | G27: 동작그만 | H27: 유제 | I27: 보유 | J27: 등록 농약 | K27: 2000 | L27: 경엽처리 | N27: 수확2일전 | O27: 3 | S27: 에마멕틴벤조에이트 (Emamectin benzoate) | T27: 6 | U27: 과실파리류, 꽃노랑총채벌레, 담배가루이 | AN27: 동작그만 (유제) | AO27: 수확2일전 / 3회 | AP27: PART 2. 해충(살충제) > 과실파리류 로테이션표
A28: 27 | B28: 추천 약제(로테이션) | C28: 파프리카 | D28: 해충 | E28: 과실파리류 | F28: 3 | G28: 델리게이트 | H28: 입상수화제 | I28: 보유 | J28: 등록 농약 | K28: 2000 | L28: 경엽처리 | N28: 수확2일전 | O28: 3 | S28: 스피네토람 (Spinetoram) | T28: 5 | U28: 과실파리류, 꽃노랑총채벌레 | AN28: 델리게이트 (입상수화제) | AO28: 수확2일전 / 3회 | AP28: PART 2. 해충(살충제) > 과실파리류 로테이션표
A29: 28 | B29: 추천 약제(로테이션) | C29: 파프리카 | D29: 해충 | E29: 과실파리류 | F29: 4 | G29: 뉴증원군 | H29: 유제 | I29: 보유 | J29: 등록 농약 | Q29: 원본에 희석배수·사용방법·안전사용기준 미기재 | S29: 비펜트린 (Bifenthrin) | T29: 3a | U29: 과실파리류 | AN29: 뉴증원군 (유제) | AO29: - | AP29: PART 2. 해충(살충제) > 과실파리류 로테이션표
A30: 29 | B30: 추천 약제(로테이션) | C30: 파프리카 | D30: 해충 | E30: 꽃노랑총채벌레 | F30: 1 | G30: 모스피란 | H30: 수화제 | I30: 보유 | J30: 등록 농약 | K30: 2000 | L30: 경엽처리 | N30: 수확5일전 | O30: 3 | R30: 혼용 가능 살균제(경농 조회): 탄쟈비상 · 벨리스플러스 · 다놀라 · 벨쿠트 · 가스란 | S30: 아세타미프리드 (Acetamiprid) | T30: 4a | U30: 과실파리류, 꽃노랑총채벌레, 담배가루이, 복숭아혹진딧물 | AA30: 1순위 추천(원문): 모스피란 (아세타미프리드 (Acetamiprid)) [학교 보유 중] 2000배 희석 · 경엽처리 · 안전사용기준: 수확5일전 / 3회 | AN30: 모스피란 (수화제) | AO30: 수확5일전 / 3회 | AP30: PART 2. 해충(살충제) > 꽃노랑총채벌레 로테이션표
A31: 30 | B31: 추천 약제(로테이션) | C31: 파프리카 | D31: 해충 | E31: 꽃노랑총채벌레 | F31: 2 | G31: 동작그만 | H31: 유제 | I31: 보유 | J31: 등록 농약 | K31: 2000 | L31: 경엽처리 | N31: 수확2일전 | O31: 3 | S31: 에마멕틴벤조에이트 (Emamectin benzoate) | T31: 6 | U31: 과실파리류, 꽃노랑총채벌레, 담배가루이 | AN31: 동작그만 (유제) | AO31: 수확2일전 / 3회 | AP31: PART 2. 해충(살충제) > 꽃노랑총채벌레 로테이션표
A32: 31 | B32: 추천 약제(로테이션) | C32: 파프리카 | D32: 해충 | E32: 꽃노랑총채벌레 | F32: 3 | G32: 디져스 | H32: 유제 | I32: 보유 | J32: 등록 농약 | K32: 1000 | L32: 경엽처리 | N32: 수확2일전 | O32: 2 | S32: Fluxametamide+Pyrifluquinazon | T32: 30+9b | U32: 꽃노랑총채벌레, 담배가루이, 복숭아혹진딧물 | AN32: 디져스 (유제) | AO32: 수확2일전 / 2회 | AP32: PART 2. 해충(살충제) > 꽃노랑총채벌레 로테이션표
A33: 32 | B33: 추천 약제(로테이션) | C33: 파프리카 | D33: 해충 | E33: 꽃노랑총채벌레 | F33: 4 | G33: 강철비 | H33: 액상수화제 | I33: 보유 | J33: 등록 농약 | K33: 2000 | L33: 경엽처리 | N33: 수확2일전 | O33: 2 | R33: 혼용정보 미확인 — 사용 전 제조사(인바이오 031-477-6011) 확인 | S33: Chlorantraniliprole+Emamectin benzoate | T33: 28+6 | U33: 꽃노랑총채벌레, 차먼지응애 | AN33: 강철비 (액상수화제) | AO33: 수확2일전 / 2회 | AP33: PART 2. 해충(살충제) > 꽃노랑총채벌레 로테이션표
A34: 33 | B34: 추천 약제(로테이션) | C34: 파프리카 | D34: 해충 | E34: 담배가루이 | F34: 1 | G34: 모스피란 | H34: 수화제 | I34: 보유 | J34: 등록 농약 | K34: 2000 | L34: 경엽처리 | N34: 수확5일전 | O34: 3 | R34: 혼용 가능 살균제(경농 조회): 탄쟈비상 · 벨리스플러스 · 다놀라 · 벨쿠트 · 가스란 | S34: 아세타미프리드 (Acetamiprid) | T34: 4a | U34: 과실파리류, 꽃노랑총채벌레, 담배가루이, 복숭아혹진딧물 | AA34: 1순위 추천(원문): 모스피란 (아세타미프리드 (Acetamiprid)) [학교 보유 중] 2000배 희석 · 경엽처리 · 안전사용기준: 수확5일전 / 3회 | AN34: 모스피란 (수화제) | AO34: 수확5일전 / 3회 | AP34: PART 2. 해충(살충제) > 담배가루이 로테이션표
A35: 34 | B35: 추천 약제(로테이션) | C35: 파프리카 | D35: 해충 | E35: 담배가루이 | F35: 2 | G35: 동작그만 | H35: 유제 | I35: 보유 | J35: 등록 농약 | K35: 2000 | L35: 경엽처리 | N35: 수확2일전 | O35: 3 | S35: 에마멕틴벤조에이트 (Emamectin benzoate) | T35: 6 | U35: 과실파리류, 꽃노랑총채벌레, 담배가루이 | AN35: 동작그만 (유제) | AO35: 수확2일전 / 3회 | AP35: PART 2. 해충(살충제) > 담배가루이 로테이션표
A36: 35 | B36: 추천 약제(로테이션) | C36: 파프리카 | D36: 해충 | E36: 담배가루이 | F36: 3 | G36: 디져스 | H36: 유제 | I36: 보유 | J36: 등록 농약 | K36: 1000 | L36: 경엽처리 | N36: 수확2일전 | O36: 2 | S36: Fluxametamide+Pyrifluquinazon | T36: 30+9b | U36: 꽃노랑총채벌레, 담배가루이, 복숭아혹진딧물 | AN36: 디져스 (유제) | AO36: 수확2일전 / 2회 | AP36: PART 2. 해충(살충제) > 담배가루이 로테이션표
A37: 36 | B37: 추천 약제(로테이션) | C37: 파프리카 | D37: 해충 | E37: 담배가루이 | F37: 4 | G37: 산마루 | H37: 수화제 | I37: 보유 | J37: 등록 농약 | K37: 1000 | L37: 경엽처리 | N37: 수확3일전 | O37: 2 | S37: Pyridaben | T37: 21a | U37: 담배가루이, 차먼지응애 | AN37: 산마루 (수화제) | AO37: 수확3일전 / 2회 | AP37: PART 2. 해충(살충제) > 담배가루이 로테이션표
A38: 37 | B38: 추천 약제(로테이션) | C38: 파프리카 | D38: 해충 | E38: 복숭아혹진딧물 | F38: 1 | G38: 모스피란 | H38: 수화제 | I38: 보유 | J38: 등록 농약 | K38: 2000 | L38: 경엽처리 | N38: 수확5일전 | O38: 3 | R38: 혼용 가능 살균제(경농 조회): 탄쟈비상 · 벨리스플러스 · 다놀라 · 벨쿠트 · 가스란 | S38: 아세타미프리드 (Acetamiprid) | T38: 4a | U38: 과실파리류, 꽃노랑총채벌레, 담배가루이, 복숭아혹진딧물 | AA38: 1순위 추천(원문): 모스피란 (아세타미프리드 (Acetamiprid)) [학교 보유 중] 2000배 희석 · 경엽처리 · 안전사용기준: 수확5일전 / 3회 | AN38: 모스피란 (수화제) | AO38: 수확5일전 / 3회 | AP38: PART 2. 해충(살충제) > 복숭아혹진딧물 로테이션표
A39: 38 | B39: 추천 약제(로테이션) | C39: 파프리카 | D39: 해충 | E39: 복숭아혹진딧물 | F39: 2 | G39: 디져스 | H39: 유제 | I39: 보유 | J39: 등록 농약 | K39: 1000 | L39: 경엽처리 | N39: 수확2일전 | O39: 2 | S39: Fluxametamide+Pyrifluquinazon | T39: 30+9b | U39: 꽃노랑총채벌레, 담배가루이, 복숭아혹진딧물 | AN39: 디져스 (유제) | AO39: 수확2일전 / 2회 | AP39: PART 2. 해충(살충제) > 복숭아혹진딧물 로테이션표
A40: 39 | B40: 추천 약제(로테이션) | C40: 파프리카 | D40: 해충 | E40: 복숭아혹진딧물 | F40: 3 | G40: 기대찬 | H40: 입상수화제 | I40: 보유 | J40: 등록 농약 | K40: 2000 | L40: 경엽처리 | N40: 수확3일전 | O40: 2 | S40: Emamectin benzoate+Flonicamid | T40: 6+29 | U40: 꽃노랑총채벌레, 복숭아혹진딧물 | AN40: 기대찬 (입상수화제) | AO40: 수확3일전 / 2회 | AP40: PART 2. 해충(살충제) > 복숭아혹진딧물 로테이션표
A41: 40 | B41: 추천 약제(로테이션) | C41: 파프리카 | D41: 해충 | E41: 복숭아혹진딧물 | F41: 4 | G41: 세티스 | I41: 보유 | J41: 등록 농약 | K41: 2000 | L41: 관주처리(양액재배) | O41: 2 | P41: 30일 간격 | S41: Flonicamid | T41: 29 | U41: 담배가루이, 복숭아혹진딧물 | AN41: 세티스 | AO41: 30일간격으로 / 2회 | AP41: PART 2. 해충(살충제) > 복숭아혹진딧물 로테이션표
A42: 41 | B42: 추천 약제(로테이션) | C42: 파프리카 | D42: 해충 | E42: 온실가루이 | F42: 1 | G42: 코니도 | H42: 수화제 | I42: 미보유 | J42: 등록 농약 | K42: 2000 | L42: 경엽처리 | N42: 수확3일전 | O42: 3 | Q42: 가이드 추천문에는 안전사용기준 '수확5일전 / 3회'(으)로 표기 — 원본 내 표기 상이, 확인 필요 | R42: 혼용 가능 살균제(팜한농 조회): 벨쿠트 | S42: Imidacloprid | T42: 4a | U42: 목화진딧물, 복숭아혹진딧물, 작은뿌리파리 | AA42: 1순위 추천(원문): 코니도 (Imidacloprid) [학교 미보유 - 구매 필요] 2000배 희석 · 경엽처리 · 안전사용기준: 수확5일전 / 3회 | AN42: 코니도 (수화제) | AO42: 수확3일전 / 3회 | AP42: PART 2. 해충(살충제) > 온실가루이 로테이션표
A43: 42 | B43: 추천 약제(로테이션) | C43: 파프리카 | D43: 해충 | E43: 진딧물(목화진딧물, 복숭아혹진딧물) | F43: 1 | G43: 아라치 | H43: 입상수화제 | I43: 미보유 | J43: 등록 농약 | K43: 2000 | L43: 경엽처리 | N43: 수확3일전 | O43: 3 | Q43: 가이드 추천문에는 사용방법 '훈연처리', 안전사용기준 '수확2일전 / 2회'(으)로 표기 — 원본 내 표기 상이, 확인 필요 | S43: Thiamethoxam | T43: 4a | U43: 담배가루이, 진딧물(목화진딧물, 복숭아혹진딧물) | AA43: 1순위 추천(원문): 아라치 (Thiamethoxam) [학교 미보유 - 구매 필요] 훈연처리 · 안전사용기준: 수확2일전 / 2회 | AN43: 아라치 (입상수화제) | AO43: 수확3일전 / 3회 | AP43: PART 2. 해충(살충제) > 진딧물(목화진딧물, 복숭아혹진딧물) 로테이션표
A44: 43 | B44: 추천 약제(로테이션) | C44: 파프리카 | D44: 해충 | E44: 진딧물(목화진딧물, 복숭아혹진딧물) | F44: 2 | G44: 주렁 | H44: 유제 | I44: 미보유 | J44: 등록 농약 | K44: 1000 | L44: 경엽처리 | N44: 수확2일전 | O44: 3 | S44: Lambda-cyhalothrin | T44: 3a | U44: 담배나방, 진딧물(목화진딧물, 복숭아혹진딧물), 열대거세미나방 | AN44: 주렁 (유제) | AO44: 수확2일전 / 3회 | AP44: PART 2. 해충(살충제) > 진딧물(목화진딧물, 복숭아혹진딧물) 로테이션표
A45: 44 | B45: 추천 약제(로테이션) | C45: 파프리카 | D45: 해충 | E45: 차먼지응애 | F45: 1 | G45: 강철비 | H45: 액상수화제 | I45: 보유 | J45: 등록 농약 | K45: 2000 | L45: 경엽처리 | N45: 수확2일전 | O45: 2 | R45: 혼용정보 미확인 — 사용 전 제조사(인바이오 031-477-6011) 확인 | S45: Chlorantraniliprole+Emamectin benzoate | T45: 28+6 | U45: 꽃노랑총채벌레, 차먼지응애, 담배나방 | AA45: 1순위 추천(원문): 지금 바로 이거: 강철비 (Chlorantraniliprole+Emamectin benzoate) [학교 보유 중] 2000배 희석 · 경엽처리 · 안전사용기준: 수확2일전 / 2회 | AN45: 강철비 (액상수화제) | AO45: 수확2일전 / 2회 | AP45: PART 2. 해충(살충제) > 차먼지응애 로테이션표
A46: 45 | B46: 추천 약제(로테이션) | C46: 파프리카 | D46: 해충 | E46: 차먼지응애 | F46: 2 | G46: 산마루 | H46: 수화제 | I46: 보유 | J46: 등록 농약 | K46: 1000 | L46: 경엽처리 | N46: 수확3일전 | O46: 2 | S46: Pyridaben | T46: 21a | U46: 담배가루이, 차먼지응애 | AN46: 산마루 (수화제) | AO46: 수확3일전 / 2회 | AP46: PART 2. 해충(살충제) > 차먼지응애 로테이션표
A47: 46 | B47: 추천 약제(로테이션) | C47: 파프리카 | D47: 해충 | E47: 차먼지응애 | F47: 3 | G47: 인도에마 | H47: 수화제 | I47: 보유 | J47: 등록 농약 | K47: 2000 | L47: 경엽처리 | N47: 수확3일전 | O47: 2 | S47: Emamectin benzoate+Indoxacarb | T47: 6+22a | U47: 꽃노랑총채벌레, 차먼지응애, 담배나방, 열대거세미나방 | AN47: 인도에마 (수화제) | AO47: 수확3일전 / 2회 | AP47: PART 2. 해충(살충제) > 차먼지응애 로테이션표
A48: 47 | B48: 추천 약제(로테이션) | C48: 파프리카 | D48: 해충 | E48: 차먼지응애 | F48: 4 | G48: 인시피오 | H48: 액상수화제 | I48: 보유 | J48: 등록 농약 | K48: 2500 | L48: 경엽처리 | N48: 수확3일전 | O48: 2 | S48: Isocycloseram | T48: 30 | U48: 꽃노랑총채벌레, 차먼지응애 | AN48: 인시피오 (액상수화제) | AO48: 수확3일전 / 2회 | AP48: PART 2. 해충(살충제) > 차먼지응애 로테이션표
A49: 48 | B49: 구매 필요 약제 | C49: 파프리카 | D49: 병해 | E49: 세균점무늬병 | G49: 가스란 | H49: 수화제 | I49: 미보유 | J49: 등록 농약 | K49: 1000 | L49: 경엽처리 | N49: 수확2일전 | O49: 5 | R49: 모스피란과 혼용 가능(경농 조회) | S49: 코퍼옥시클로라이드.가스가마이신 (Copper oxychloride+Kasugamycin) | T49: 라3,카, 카+라3 | AB49: 해당 병해충(원문): 세균점무늬병 | AN49: 가스란 수화제 | AO49: 수확2일전 / 5회 | AP49: 개요 > 구매 약제 전체 목록 (추천표 중 학교 미보유분)
A50: 49 | B50: 구매 필요 약제 | C50: 파프리카 | D50: 병해 | E50: 갈색점무늬병 | G50: 경탄 | H50: 액상수화제 | I50: 미보유 | J50: 등록 농약 | K50: 1000 | L50: 경엽처리 | N50: 수확3일전 | O50: 3 | S50: Chlorothalonil+Kresoxim-methyl | T50: 카+다3, 카,다3 | AB50: 해당 병해충(원문): 갈색점무늬병 | AN50: 경탄 액상수화제 | AO50: 수확3일전 / 3회 | AP50: 개요 > 구매 약제 전체 목록 (추천표 중 학교 미보유분)
A51: 50 | B51: 구매 필요 약제 | C51: 파프리카 | D51: 병해 | E51: 세균점무늬병 | G51: 골든벨 | H51: 액상수화제 | I51: 미보유 | J51: 등록 농약 | K51: 1000 | L51: 경엽처리 | N51: 수확2일전 | O51: 3 | S51: 가스가마이신.티오파네이트메틸 (Kasugamycin+Thiophanate-methyl) | T51: 나1,라3, 라3+나1 | AB51: 해당 병해충(원문): 세균점무늬병 | AN51: 골든벨 액상수화제 | AO51: 수확2일전 / 3회 | AP51: 개요 > 구매 약제 전체 목록 (추천표 중 학교 미보유분)
A52: 51 | B52: 구매 필요 약제 | C52: 파프리카 | D52: 병해 | E52: 붉은썩음병 | G52: 균디스 | H52: 액상수화제 | I52: 미보유 | J52: 등록 농약 | K52: 4000 | L52: 관주처리 | N52: 수확3일전 | O52: 3 | S52: Azoxystrobin | T52: 다3 | AB52: 해당 병해충(원문): 붉은썩음병 | AN52: 균디스 액상수화제 | AO52: 수확3일전 / 3회 | AP52: 개요 > 구매 약제 전체 목록 (추천표 중 학교 미보유분)
A53: 52 | B53: 구매 필요 약제 | C53: 파프리카 | D53: 해충 | E53: 거세미나방류 | G53: 보라충 | H53: 입제 | I53: 미보유 | J53: 등록 농약 | L53: 토양처리 | M53: 정식기 | O53: 1 | S53: Phoxim | T53: 1b | AB53: 해당 병해충(원문): 거세미나방류 | AN53: 보라충 입제 | AO53: 정식기 / 1회 | AP53: 개요 > 구매 약제 전체 목록 (추천표 중 학교 미보유분)
A54: 53 | B54: 구매 필요 약제 | C54: 파프리카 | D54: 병해 | E54: 붉은썩음병 | G54: 스포르곤 | H54: 수화제 | I54: 미보유 | J54: 등록 농약 | K54: 1000 | L54: 관주처리 | N54: 수확7일전 | O54: 3 | R54: 모스피란 · 코니도 · 타스타와의 혼용 조합 자료 없음 | S54: Prochloraz-manganese | T54: 사1 | AB54: 해당 병해충(원문): 붉은썩음병, 뿌리썩음병 | AN54: 스포르곤 수화제 | AO54: 수확7일전 / 3회 | AP54: 개요 > 구매 약제 전체 목록 (추천표 중 학교 미보유분)
A55: 54 | B55: 구매 필요 약제 | C55: 파프리카 | D55: 병해 | E55: 뿌리썩음병 | G55: 스포르곤 | H55: 수화제 | I55: 미보유 | J55: 등록 농약 | K55: 1000 | L55: 관주처리 | N55: 수확7일전 | O55: 3 | R55: 모스피란 · 코니도 · 타스타와의 혼용 조합 자료 없음 | S55: Prochloraz-manganese | T55: 사1 | AB55: 해당 병해충(원문): 붉은썩음병, 뿌리썩음병 | AN55: 스포르곤 수화제 | AO55: 수확7일전 / 3회 | AP55: 개요 > 구매 약제 전체 목록 (추천표 중 학교 미보유분)
A56: 55 | B56: 구매 필요 약제 | C56: 파프리카 | D56: 병해 | E56: 붉은썩음병 | G56: 스포르곤 | H56: 입제 | I56: 미보유 | J56: 등록 농약 | K56: 1000 | L56: 관주처리 | N56: 수확7일전 | O56: 3 | R56: 모스피란 · 코니도 · 타스타와의 혼용 조합 자료 없음 | S56: Prochloraz-manganese | T56: 사1 | AB56: 해당 병해충(원문): 붉은썩음병, 뿌리썩음병, 탄저병 | AN56: 스포르곤 입제 | AO56: 수확7일전 / 3회 | AP56: 개요 > 구매 약제 전체 목록 (추천표 중 학교 미보유분)
A57: 56 | B57: 구매 필요 약제 | C57: 파프리카 | D57: 병해 | E57: 뿌리썩음병 | G57: 스포르곤 | H57: 입제 | I57: 미보유 | J57: 등록 농약 | K57: 1000 | L57: 관주처리 | N57: 수확7일전 | O57: 3 | R57: 모스피란 · 코니도 · 타스타와의 혼용 조합 자료 없음 | S57: Prochloraz-manganese | T57: 사1 | AB57: 해당 병해충(원문): 붉은썩음병, 뿌리썩음병, 탄저병 | AN57: 스포르곤 입제 | AO57: 수확7일전 / 3회 | AP57: 개요 > 구매 약제 전체 목록 (추천표 중 학교 미보유분)
A58: 57 | B58: 구매 필요 약제 | C58: 파프리카 | D58: 병해 | E58: 탄저병 | G58: 스포르곤 | H58: 입제 | I58: 미보유 | J58: 등록 농약 | K58: 1000 | L58: 관주처리 | N58: 수확7일전 | O58: 3 | R58: 모스피란 · 코니도 · 타스타와의 혼용 조합 자료 없음 | S58: Prochloraz-manganese | T58: 사1 | AB58: 해당 병해충(원문): 붉은썩음병, 뿌리썩음병, 탄저병 | AN58: 스포르곤 입제 | AO58: 수확7일전 / 3회 | AP58: 개요 > 구매 약제 전체 목록 (추천표 중 학교 미보유분)
A59: 58 | B59: 구매 필요 약제 | C59: 파프리카 | D59: 해충 | E59: 거세미나방류 | G59: 싸이포스 | H59: 입제 | I59: 미보유 | J59: 등록 농약 | L59: 토양처리 | M59: 정식기 | O59: 1 | S59: Cypermethrin+Tebupirimfos | T59: 3a+1b | AB59: 해당 병해충(원문): 거세미나방류 | AN59: 싸이포스 입제 | AO59: 정식기 / 1회 | AP59: 개요 > 구매 약제 전체 목록 (추천표 중 학교 미보유분)
A60: 59 | B60: 구매 필요 약제 | C60: 파프리카 | D60: 해충 | E60: 거세미나방류 | G60: 쏘버린 | H60: 입제 | I60: 미보유 | J60: 등록 농약 | L60: 토양처리 | M60: 정식기 | O60: 1 | R60: 정식 시 흙에 뿌리는 입제 — 혼용정보표 대상 아님 | S60: Carbosulfan | T60: 1a | AB60: 해당 병해충(원문): 거세미나방류 | AN60: 쏘버린 입제 | AO60: 정식기 / 1회 | AP60: 개요 > 구매 약제 전체 목록 (추천표 중 학교 미보유분)
A61: 60 | B61: 구매 필요 약제 | C61: 파프리카 | D61: 해충 | E61: 진딧물(목화진딧물, 복숭아혹진딧물) | G61: 아라치 | H61: 입상수화제 | I61: 미보유 | J61: 등록 농약 | K61: 2000 | L61: 경엽처리 | N61: 수확3일전 | O61: 3 | S61: Thiamethoxam | T61: 4a | AB61: 해당 병해충(원문): 진딧물(목화진딧물, 복숭아혹진딧물) | AN61: 아라치 입상수화제 | AO61: 수확3일전 / 3회 | AP61: 개요 > 구매 약제 전체 목록 (추천표 중 학교 미보유분)
A62: 61 | B62: 구매 필요 약제 | C62: 파프리카 | D62: 병해 | E62: 갈색점무늬병 | G62: 오조아 | H62: 수화제 | I62: 미보유 | J62: 등록 농약 | K62: 2000 | L62: 경엽처리 | N62: 수확5일전 | O62: 4 | S62: Fluazinam | T62: 다5 | AB62: 해당 병해충(원문): 갈색점무늬병, 잿빛곰팡이병 | AN62: 오조아 수화제 | AO62: 수확5일전 / 4회 | AP62: 개요 > 구매 약제 전체 목록 (추천표 중 학교 미보유분)
A63: 62 | B63: 구매 필요 약제 | C63: 파프리카 | D63: 병해 | E63: 잿빛곰팡이병 | G63: 오조아 | H63: 수화제 | I63: 미보유 | J63: 등록 농약 | K63: 2000 | L63: 경엽처리 | N63: 수확5일전 | O63: 4 | S63: Fluazinam | T63: 다5 | AB63: 해당 병해충(원문): 갈색점무늬병, 잿빛곰팡이병 | AN63: 오조아 수화제 | AO63: 수확5일전 / 4회 | AP63: 개요 > 구매 약제 전체 목록 (추천표 중 학교 미보유분)
A64: 63 | B64: 구매 필요 약제 | C64: 파프리카 | D64: 해충 | E64: 진딧물(목화진딧물, 복숭아혹진딧물) | G64: 주렁 | H64: 유제 | I64: 미보유 | J64: 등록 농약 | K64: 1000 | L64: 경엽처리 | N64: 수확2일전 | O64: 3 | S64: Lambda-cyhalothrin | T64: 3a | AB64: 해당 병해충(원문): 진딧물(목화진딧물, 복숭아혹진딧물) | AN64: 주렁 유제 | AO64: 수확2일전 / 3회 | AP64: 개요 > 구매 약제 전체 목록 (추천표 중 학교 미보유분)
A65: 64 | B65: 구매 필요 약제 | C65: 파프리카 | D65: 해충 | E65: 온실가루이 | G65: 코니도 | H65: 수화제 | I65: 미보유 | J65: 등록 농약 | K65: 2000 | L65: 경엽처리 | N65: 수확5일전 | O65: 3 | R65: 혼용 가능 살균제(팜한농 조회): 벨쿠트 | S65: Imidacloprid | T65: 4a | AB65: 해당 병해충(원문): 온실가루이 | AN65: 코니도 수화제 | AO65: 수확5일전 / 3회 | AP65: 개요 > 구매 약제 전체 목록 (추천표 중 학교 미보유분)
A66: 65 | B66: 구매 필요 약제 | C66: 파프리카 | D66: 병해 | E66: 풋마름병 | G66: 크린쏘일 | H66: 입제 | I66: 미보유 | J66: 등록 농약 | L66: 토양처리 | M66: 정식기 | O66: 1 | S66: Dazomet | T66: 미분류(살균제) | AB66: 해당 병해충(원문): 풋마름병 | AN66: 크린쏘일 입제 | AO66: 정식기 / 1회 | AP66: 개요 > 구매 약제 전체 목록 (추천표 중 학교 미보유분)
A67: 66 | B67: 구매 필요 약제 | C67: 파프리카 | D67: 병해 | E67: 갈색무늬병 | G67: 탄쟈비상 | H67: 액상수화제 | I67: 미보유 | J67: 등록 농약 | K67: 2000 | L67: 경엽처리 | N67: 수확3일전 | O67: 3 | R67: 모스피란과 혼용 가능(경농 조회) | S67: Trifloxystrobin | T67: 다3 | AB67: 해당 병해충(원문): 갈색무늬병 | AN67: 탄쟈비상 액상수화제 | AO67: 수확3일전 / 3회 | AP67: 개요 > 구매 약제 전체 목록 (추천표 중 학교 미보유분)
A68: 67 | B68: 유기농업자재 | C68: 고추 | D68: 해충 | E68: 꽃노랑총채벌레 | G68: 한방싹충도사 | J68: 유기농업자재 | K68: 1000 | L68: 경엽처리 | M68: 발생초기 | Q68: 화학농약이 아닌 유기농업자재 — 등록 농약과 안전사용기준·법적 지위가 다름 | S68: 오렌지추출물 15%+파라핀오일 65% | X68: 61.7% | Y68: 농업회사법인 장수바이오(주) | Z68: 063-351-4081 | AB68: 관련 병해충·방제가(원문): 꽃노랑총채벌레(고추, 61.7%)온실가루이(오이 시험, 60%이상) / 희석·처리(원문): 1,000배 희석경엽처리 | AC68: 공시-3-6-054(공시-1-6-036) | AD68: 병해충관리용 | AE68: 식물추출물+파라핀오일 | AF68: 44000 | AG68: 43518 | AH68: 45710 | AI68: 46804 | AJ68: 330-87-00896 | AK68: - (미기재) | AL68: 전북특별자치도 장수군 장수읍 논개로 242-10 | AM68: 없음 | AN68: 한방싹충도사 | AP68: 문서 앞부분 요약표 · PART 3. 유기농업자재 > 요약 비교표 (동일 표 2회 수록) | AQ68: 국립농산물품질관리원 유기농업자재 공시현황(naqs.go.kr) | AR68: 46283
A69: 68 | B69: 유기농업자재 | C69: 오이(시험) | D69: 해충 | E69: 온실가루이 | G69: 한방싹충도사 | J69: 유기농업자재 | K69: 1000 | L69: 경엽처리 | Q69: 고추가 아닌 오이 시험 결과 / 화학농약이 아닌 유기농업자재 — 등록 농약과 안전사용기준·법적 지위가 다름 | S69: 오렌지추출물 15%+파라핀오일 65% | X69: 60% 이상 | Y69: 농업회사법인 장수바이오(주) | Z69: 063-351-4081 | AB69: 관련 병해충·방제가(원문): 꽃노랑총채벌레(고추, 61.7%)온실가루이(오이 시험, 60%이상) / 희석·처리(원문): 1,000배 희석경엽처리 | AC69: 공시-3-6-054(공시-1-6-036) | AD69: 병해충관리용 | AE69: 식물추출물+파라핀오일 | AF69: 44000 | AG69: 43518 | AH69: 45710 | AI69: 46804 | AJ69: 330-87-00896 | AK69: - (미기재) | AL69: 전북특별자치도 장수군 장수읍 논개로 242-10 | AM69: 없음 | AN69: 한방싹충도사 | AP69: 문서 앞부분 요약표 · PART 3. 유기농업자재 > 요약 비교표 (동일 표 2회 수록) | AQ69: 국립농산물품질관리원 유기농업자재 공시현황(naqs.go.kr) | AR69: 46283
A70: 69 | B70: 유기농업자재 | C70: 고추 | D70: 해충 | E70: 복숭아혹진딧물 | G70: 뉴응칠이 | J70: 유기농업자재 | K70: 1000 | L70: 경엽처리 | M70: 생육기 | Q70: 화학농약이 아닌 유기농업자재 — 등록 농약과 안전사용기준·법적 지위가 다름 / 접촉성 제제(잎 뒷면까지 흠뻑 살포) · 강알칼리성 제제·석회보르도액·유황합제 혼용 금지 · 꿀벌 활동에 영향 가능 | S70: 유칼립투스오일 30%+고삼추출물 50% | X70: 50% 이상 | Y70: 고려바이오㈜ | Z70: 031-354-8183 | AB70: 관련 병해충·방제가(원문): 복숭아혹진딧물(고추, 50%이상)꽃노랑총채벌레·온실가루이(오이 시험, 50%이상) / 희석·처리(원문): 1,000배 희석경엽처리 | AC70: 공시-2-6-061 | AD70: 병해충관리용 | AE70: 식물성오일+식물추출물 | AF70: 45000 | AG70: 44280 | AH70: 45376 | AI70: 46470 | AJ70: 124-86-37020 | AK70: 있음 | AL70: 경기도 화성시 효행구 정남면 정남동로 346 | AM70: 없음 | AN70: 뉴응칠이 | AP70: 문서 앞부분 요약표 · PART 3. 유기농업자재 > 요약 비교표 (동일 표 2회 수록) | AQ70: 국립농산물품질관리원 유기농업자재 공시현황(naqs.go.kr) | AR70: 46283
A71: 70 | B71: 유기농업자재 | C71: 오이(시험) | D71: 해충 | E71: 꽃노랑총채벌레 | G71: 뉴응칠이 | J71: 유기농업자재 | K71: 1000 | L71: 경엽처리 | Q71: 고추가 아닌 오이 시험 결과 / 화학농약이 아닌 유기농업자재 — 등록 농약과 안전사용기준·법적 지위가 다름 / 접촉성 제제(잎 뒷면까지 흠뻑 살포) · 강알칼리성 제제·석회보르도액·유황합제 혼용 금지 · 꿀벌 활동에 영향 가능 | S71: 유칼립투스오일 30%+고삼추출물 50% | X71: 50% 이상 | Y71: 고려바이오㈜ | Z71: 031-354-8183 | AB71: 관련 병해충·방제가(원문): 복숭아혹진딧물(고추, 50%이상)꽃노랑총채벌레·온실가루이(오이 시험, 50%이상) / 희석·처리(원문): 1,000배 희석경엽처리 | AC71: 공시-2-6-061 | AD71: 병해충관리용 | AE71: 식물성오일+식물추출물 | AF71: 45000 | AG71: 44280 | AH71: 45376 | AI71: 46470 | AJ71: 124-86-37020 | AK71: 있음 | AL71: 경기도 화성시 효행구 정남면 정남동로 346 | AM71: 없음 | AN71: 뉴응칠이 | AP71: 문서 앞부분 요약표 · PART 3. 유기농업자재 > 요약 비교표 (동일 표 2회 수록) | AQ71: 국립농산물품질관리원 유기농업자재 공시현황(naqs.go.kr) | AR71: 46283
A72: 71 | B72: 유기농업자재 | C72: 오이(시험) | D72: 해충 | E72: 온실가루이 | G72: 뉴응칠이 | J72: 유기농업자재 | K72: 1000 | L72: 경엽처리 | Q72: 고추가 아닌 오이 시험 결과 / 화학농약이 아닌 유기농업자재 — 등록 농약과 안전사용기준·법적 지위가 다름 / 접촉성 제제(잎 뒷면까지 흠뻑 살포) · 강알칼리성 제제·석회보르도액·유황합제 혼용 금지 · 꿀벌 활동에 영향 가능 | S72: 유칼립투스오일 30%+고삼추출물 50% | X72: 50% 이상 | Y72: 고려바이오㈜ | Z72: 031-354-8183 | AB72: 관련 병해충·방제가(원문): 복숭아혹진딧물(고추, 50%이상)꽃노랑총채벌레·온실가루이(오이 시험, 50%이상) / 희석·처리(원문): 1,000배 희석경엽처리 | AC72: 공시-2-6-061 | AD72: 병해충관리용 | AE72: 식물성오일+식물추출물 | AF72: 45000 | AG72: 44280 | AH72: 45376 | AI72: 46470 | AJ72: 124-86-37020 | AK72: 있음 | AL72: 경기도 화성시 효행구 정남면 정남동로 346 | AM72: 없음 | AN72: 뉴응칠이 | AP72: 문서 앞부분 요약표 · PART 3. 유기농업자재 > 요약 비교표 (동일 표 2회 수록) | AQ72: 국립농산물품질관리원 유기농업자재 공시현황(naqs.go.kr) | AR72: 46283
A73: 72 | B73: 유기농업자재(기타 방제효과) | C73: 딸기 | D73: 해충 | E73: 점박이응애 | G73: 한방싹충도사 | J73: 유기농업자재 | Q73: 화학농약이 아닌 유기농업자재 — 등록 농약과 안전사용기준·법적 지위가 다름 | S73: 오렌지추출물 15%, 파라핀오일 65% | X73: 67.5% | Y73: 농업회사법인 장수바이오(주) | Z73: 063-351-4081 | AC73: 공시-3-6-054(공시-1-6-036) | AD73: 병해충관리용 | AE73: 식물추출물+파라핀오일 | AG73: 43518 | AH73: 45710 | AI73: 46804 | AJ73: 330-87-00896 | AK73: - (미기재) | AL73: 전북특별자치도 장수군 장수읍 논개로 242-10 | AM73: 없음 | AP73: PART 3. 유기농업자재 > 한방싹충도사 (병해충관리용) | AQ73: 국립농산물품질관리원 유기농업자재 공시현황(naqs.go.kr) | AR73: 46283
A74: 73 | B74: 유기농업자재(기타 방제효과) | C74: 배 | D74: 해충 | E74: 조팝나무진딧물 | G74: 한방싹충도사 | J74: 유기농업자재 | Q74: 화학농약이 아닌 유기농업자재 — 등록 농약과 안전사용기준·법적 지위가 다름 | S74: 오렌지추출물 15%, 파라핀오일 65% | X74: 77.4% | Y74: 농업회사법인 장수바이오(주) | Z74: 063-351-4081 | AC74: 공시-3-6-054(공시-1-6-036) | AD74: 병해충관리용 | AE74: 식물추출물+파라핀오일 | AG74: 43518 | AH74: 45710 | AI74: 46804 | AJ74: 330-87-00896 | AK74: - (미기재) | AL74: 전북특별자치도 장수군 장수읍 논개로 242-10 | AM74: 없음 | AP74: PART 3. 유기농업자재 > 한방싹충도사 (병해충관리용) | AQ74: 국립농산물품질관리원 유기농업자재 공시현황(naqs.go.kr) | AR74: 46283
A75: 74 | B75: 유기농업자재(기타 방제효과) | C75: 양배추 | D75: 해충 | E75: 배추흰나비 | G75: 한방싹충도사 | J75: 유기농업자재 | Q75: 화학농약이 아닌 유기농업자재 — 등록 농약과 안전사용기준·법적 지위가 다름 | S75: 오렌지추출물 15%, 파라핀오일 65% | X75: 65.9% | Y75: 농업회사법인 장수바이오(주) | Z75: 063-351-4081 | AC75: 공시-3-6-054(공시-1-6-036) | AD75: 병해충관리용 | AE75: 식물추출물+파라핀오일 | AG75: 43518 | AH75: 45710 | AI75: 46804 | AJ75: 330-87-00896 | AK75: - (미기재) | AL75: 전북특별자치도 장수군 장수읍 논개로 242-10 | AM75: 없음 | AP75: PART 3. 유기농업자재 > 한방싹충도사 (병해충관리용) | AQ75: 국립농산물품질관리원 유기농업자재 공시현황(naqs.go.kr) | AR75: 46283
A76: 75 | B76: 유기농업자재(기타 방제효과) | C76: 복숭아 | D76: 해충 | E76: 복숭아순나방 | G76: 한방싹충도사 | J76: 유기농업자재 | Q76: 화학농약이 아닌 유기농업자재 — 등록 농약과 안전사용기준·법적 지위가 다름 | S76: 오렌지추출물 15%, 파라핀오일 65% | X76: 60.0% | Y76: 농업회사법인 장수바이오(주) | Z76: 063-351-4081 | AC76: 공시-3-6-054(공시-1-6-036) | AD76: 병해충관리용 | AE76: 식물추출물+파라핀오일 | AG76: 43518 | AH76: 45710 | AI76: 46804 | AJ76: 330-87-00896 | AK76: - (미기재) | AL76: 전북특별자치도 장수군 장수읍 논개로 242-10 | AM76: 없음 | AP76: PART 3. 유기농업자재 > 한방싹충도사 (병해충관리용) | AQ76: 국립농산물품질관리원 유기농업자재 공시현황(naqs.go.kr) | AR76: 46283
A77: 76 | B77: 유기농업자재(기타 방제효과) | C77: 포도 | D77: 해충 | E77: 꽃매미 | G77: 한방싹충도사 | J77: 유기농업자재 | Q77: 화학농약이 아닌 유기농업자재 — 등록 농약과 안전사용기준·법적 지위가 다름 | S77: 오렌지추출물 15%, 파라핀오일 65% | X77: 62.8% | Y77: 농업회사법인 장수바이오(주) | Z77: 063-351-4081 | AC77: 공시-3-6-054(공시-1-6-036) | AD77: 병해충관리용 | AE77: 식물추출물+파라핀오일 | AG77: 43518 | AH77: 45710 | AI77: 46804 | AJ77: 330-87-00896 | AK77: - (미기재) | AL77: 전북특별자치도 장수군 장수읍 논개로 242-10 | AM77: 없음 | AP77: PART 3. 유기농업자재 > 한방싹충도사 (병해충관리용) | AQ77: 국립농산물품질관리원 유기농업자재 공시현황(naqs.go.kr) | AR77: 46283
A78: 77 | B78: 유기농업자재(기타 방제효과) | C78: 사과 | D78: 해충 | E78: 갈색날개매미충 | G78: 한방싹충도사 | J78: 유기농업자재 | Q78: 화학농약이 아닌 유기농업자재 — 등록 농약과 안전사용기준·법적 지위가 다름 | S78: 오렌지추출물 15%, 파라핀오일 65% | X78: 65.8% | Y78: 농업회사법인 장수바이오(주) | Z78: 063-351-4081 | AC78: 공시-3-6-054(공시-1-6-036) | AD78: 병해충관리용 | AE78: 식물추출물+파라핀오일 | AG78: 43518 | AH78: 45710 | AI78: 46804 | AJ78: 330-87-00896 | AK78: - (미기재) | AL78: 전북특별자치도 장수군 장수읍 논개로 242-10 | AM78: 없음 | AP78: PART 3. 유기농업자재 > 한방싹충도사 (병해충관리용) | AQ78: 국립농산물품질관리원 유기농업자재 공시현황(naqs.go.kr) | AR78: 46283
A79: 78 | B79: 유기농업자재(기타 방제효과) | C79: 오이 | D79: 해충 | E79: 온실가루이 | G79: 한방싹충도사 | J79: 유기농업자재 | Q79: 화학농약이 아닌 유기농업자재 — 등록 농약과 안전사용기준·법적 지위가 다름 | S79: 오렌지추출물 15%, 파라핀오일 65% | X79: 60% 이상 | Y79: 농업회사법인 장수바이오(주) | Z79: 063-351-4081 | AC79: 공시-3-6-054(공시-1-6-036) | AD79: 병해충관리용 | AE79: 식물추출물+파라핀오일 | AG79: 43518 | AH79: 45710 | AI79: 46804 | AJ79: 330-87-00896 | AK79: - (미기재) | AL79: 전북특별자치도 장수군 장수읍 논개로 242-10 | AM79: 없음 | AP79: PART 3. 유기농업자재 > 한방싹충도사 (병해충관리용) | AQ79: 국립농산물품질관리원 유기농업자재 공시현황(naqs.go.kr) | AR79: 46283
A80: 79 | B80: 유기농업자재(기타 방제효과) | C80: 감귤 | D80: 해충 | E80: 이세리아깍지벌레 | G80: 한방싹충도사 | J80: 유기농업자재 | Q80: 화학농약이 아닌 유기농업자재 — 등록 농약과 안전사용기준·법적 지위가 다름 | S80: 오렌지추출물 15%, 파라핀오일 65% | X80: 60% 이상 | Y80: 농업회사법인 장수바이오(주) | Z80: 063-351-4081 | AC80: 공시-3-6-054(공시-1-6-036) | AD80: 병해충관리용 | AE80: 식물추출물+파라핀오일 | AG80: 43518 | AH80: 45710 | AI80: 46804 | AJ80: 330-87-00896 | AK80: - (미기재) | AL80: 전북특별자치도 장수군 장수읍 논개로 242-10 | AM80: 없음 | AP80: PART 3. 유기농업자재 > 한방싹충도사 (병해충관리용) | AQ80: 국립농산물품질관리원 유기농업자재 공시현황(naqs.go.kr) | AR80: 46283
A81: 80 | B81: 유기농업자재(기타 방제효과) | C81: 오이(시험) | D81: 해충 | E81: 꽃노랑총채벌레 | G81: 뉴응칠이 | J81: 유기농업자재 | Q81: 고추가 아닌 오이 시험 결과 / 화학농약이 아닌 유기농업자재 — 등록 농약과 안전사용기준·법적 지위가 다름 / 접촉성 제제(잎 뒷면까지 흠뻑 살포) · 강알칼리성 제제·석회보르도액·유황합제 혼용 금지 · 꿀벌 활동에 영향 가능 | S81: 유칼립투스오일 30%, 고삼추출물 50% | X81: 50% 이상 | Y81: 고려바이오㈜ | Z81: 031-354-8183 | AC81: 공시-2-6-061 | AD81: 병해충관리용 | AE81: 식물성오일+식물추출물 | AG81: 44280 | AH81: 45376 | AI81: 46470 | AJ81: 124-86-37020 | AK81: 있음 | AL81: 경기도 화성시 효행구 정남면 정남동로 346 | AM81: 없음 | AP81: PART 3. 유기농업자재 > 뉴응칠이 (병해충관리용) | AQ81: 국립농산물품질관리원 유기농업자재 공시현황(naqs.go.kr) | AR81: 46283
A82: 81 | B82: 유기농업자재(기타 방제효과) | C82: 오이(시험) | D82: 해충 | E82: 아메리카잎굴파리 | G82: 뉴응칠이 | J82: 유기농업자재 | Q82: 고추가 아닌 오이 시험 결과 / 화학농약이 아닌 유기농업자재 — 등록 농약과 안전사용기준·법적 지위가 다름 / 접촉성 제제(잎 뒷면까지 흠뻑 살포) · 강알칼리성 제제·석회보르도액·유황합제 혼용 금지 · 꿀벌 활동에 영향 가능 | S82: 유칼립투스오일 30%, 고삼추출물 50% | X82: 50% 이상 | Y82: 고려바이오㈜ | Z82: 031-354-8183 | AC82: 공시-2-6-061 | AD82: 병해충관리용 | AE82: 식물성오일+식물추출물 | AG82: 44280 | AH82: 45376 | AI82: 46470 | AJ82: 124-86-37020 | AK82: 있음 | AL82: 경기도 화성시 효행구 정남면 정남동로 346 | AM82: 없음 | AP82: PART 3. 유기농업자재 > 뉴응칠이 (병해충관리용) | AQ82: 국립농산물품질관리원 유기농업자재 공시현황(naqs.go.kr) | AR82: 46283
A83: 82 | B83: 유기농업자재(기타 방제효과) | C83: 오이(시험) | D83: 해충 | E83: 온실가루이 | G83: 뉴응칠이 | J83: 유기농업자재 | Q83: 고추가 아닌 오이 시험 결과 / 화학농약이 아닌 유기농업자재 — 등록 농약과 안전사용기준·법적 지위가 다름 / 접촉성 제제(잎 뒷면까지 흠뻑 살포) · 강알칼리성 제제·석회보르도액·유황합제 혼용 금지 · 꿀벌 활동에 영향 가능 | S83: 유칼립투스오일 30%, 고삼추출물 50% | X83: 50% 이상 | Y83: 고려바이오㈜ | Z83: 031-354-8183 | AC83: 공시-2-6-061 | AD83: 병해충관리용 | AE83: 식물성오일+식물추출물 | AG83: 44280 | AH83: 45376 | AI83: 46470 | AJ83: 124-86-37020 | AK83: 있음 | AL83: 경기도 화성시 효행구 정남면 정남동로 346 | AM83: 없음 | AP83: PART 3. 유기농업자재 > 뉴응칠이 (병해충관리용) | AQ83: 국립농산물품질관리원 유기농업자재 공시현황(naqs.go.kr) | AR83: 46283
A84: 83 | B84: 유기농업자재(기타 방제효과) | C84: 오이(시험) | D84: 병해 | E84: 흰가루병 | G84: 뉴응칠이 | J84: 유기농업자재 | Q84: 고추가 아닌 오이 시험 결과 / 화학농약이 아닌 유기농업자재 — 등록 농약과 안전사용기준·법적 지위가 다름 / 접촉성 제제(잎 뒷면까지 흠뻑 살포) · 강알칼리성 제제·석회보르도액·유황합제 혼용 금지 · 꿀벌 활동에 영향 가능 | S84: 유칼립투스오일 30%, 고삼추출물 50% | X84: 50% 이상 | Y84: 고려바이오㈜ | Z84: 031-354-8183 | AC84: 공시-2-6-061 | AD84: 병해충관리용 | AE84: 식물성오일+식물추출물 | AG84: 44280 | AH84: 45376 | AI84: 46470 | AJ84: 124-86-37020 | AK84: 있음 | AL84: 경기도 화성시 효행구 정남면 정남동로 346 | AM84: 없음 | AP84: PART 3. 유기농업자재 > 뉴응칠이 (병해충관리용) | AQ84: 국립농산물품질관리원 유기농업자재 공시현황(naqs.go.kr) | AR84: 46283
A85: 84 | B85: 유기농업자재(기타 방제효과) | C85: 블루베리 | D85: 해충 | E85: 미국선녀벌레 | G85: 뉴응칠이 | J85: 유기농업자재 | Q85: 화학농약이 아닌 유기농업자재 — 등록 농약과 안전사용기준·법적 지위가 다름 / 접촉성 제제(잎 뒷면까지 흠뻑 살포) · 강알칼리성 제제·석회보르도액·유황합제 혼용 금지 · 꿀벌 활동에 영향 가능 | S85: 유칼립투스오일 30%, 고삼추출물 50% | X85: 50% 이상 | Y85: 고려바이오㈜ | Z85: 031-354-8183 | AC85: 공시-2-6-061 | AD85: 병해충관리용 | AE85: 식물성오일+식물추출물 | AG85: 44280 | AH85: 45376 | AI85: 46470 | AJ85: 124-86-37020 | AK85: 있음 | AL85: 경기도 화성시 효행구 정남면 정남동로 346 | AM85: 없음 | AP85: PART 3. 유기농업자재 > 뉴응칠이 (병해충관리용) | AQ85: 국립농산물품질관리원 유기농업자재 공시현황(naqs.go.kr) | AR85: 46283
A86: 85 | B86: 혼용 가능 조합 | D86: 병해 | E86: 갈색무늬병 | G86: 모스피란 | J86: 혼용정보 | V86: 탄쟈비상 | W86: 가능 | AA86: 가이드 내 위치: 갈색무늬병 1순위 | AB86: 살균제(탄쟈비상) 학교 미보유 - 구매 필요 | AP86: PART 4. 혼용 가능 조합 > 확인된 조합 | AQ86: knco.co.kr/product/product_09 (경농 혼용안내, 고추 기준) | AR86: 46283
A87: 86 | B87: 혼용 가능 조합 | D87: 병해 | E87: 탄저병 | G87: 모스피란 | J87: 혼용정보 | V87: 벨리스플러스 | W87: 가능 | AA87: 가이드 내 위치: 탄저병 1순위 | AB87: 살균제(벨리스플러스) 학교 보유 중 | AP87: PART 4. 혼용 가능 조합 > 확인된 조합 | AQ87: knco.co.kr/product/product_09 (경농 혼용안내, 고추 기준) | AR87: 46283
A88: 87 | B88: 혼용 가능 조합 | D88: 병해 | E88: 탄저병 | G88: 모스피란 | J88: 혼용정보 | V88: 다놀라 | W88: 가능 | AA88: 가이드 내 위치: 탄저병 2순위 | AB88: 살균제(다놀라) 학교 보유 중 | AP88: PART 4. 혼용 가능 조합 > 확인된 조합 | AQ88: knco.co.kr/product/product_09 (경농 혼용안내, 고추 기준) | AR88: 46283
A89: 88 | B89: 혼용 가능 조합 | D89: 병해 | E89: 탄저병 | G89: 모스피란 | J89: 혼용정보 | V89: 벨쿠트 | W89: 가능 | AA89: 가이드 내 위치: 탄저병 4순위 | AB89: 살균제(벨쿠트) 학교 보유 중 | AP89: PART 4. 혼용 가능 조합 > 확인된 조합 | AQ89: knco.co.kr/product/product_09 (경농 혼용안내, 고추 기준) | AR89: 46283
A90: 89 | B90: 혼용 가능 조합 | D90: 병해 | E90: 세균점무늬병 | G90: 모스피란 | J90: 혼용정보 | V90: 가스란 | W90: 가능 | AA90: 가이드 내 위치: 세균점무늬병 3순위 | AB90: 살균제(가스란) 학교 미보유 - 구매 필요 | AP90: PART 4. 혼용 가능 조합 > 확인된 조합 | AQ90: knco.co.kr/product/product_09 (경농 혼용안내, 고추 기준) | AR90: 46283
A91: 90 | B91: 혼용 가능 조합 | D91: 병해 | E91: 탄저병 | G91: 코니도 | J91: 혼용정보 | V91: 벨쿠트 | W91: 가능 | AA91: 가이드 내 위치: 탄저병 4순위 | AB91: 살균제(벨쿠트) 학교 보유 중 | AP91: PART 4. 혼용 가능 조합 > 바이엘(코니도·타스타) 공식 혼용정보 | AQ91: farmhannong.com/kor/product/mix-info (바이엘 혼용기술정보 2025) | AR91: 46283
A92: 91 | B92: 혼용 가능 조합 | G92: 타스타 | J92: 혼용정보 | Q92: 살균제 조합 자체가 공식 자료에 없음. 살균제와 섞지 말 것 | W92: 조합 없음(섞지 말 것) | AP92: PART 4. 혼용 가능 조합 > 바이엘(코니도·타스타) 공식 혼용정보 | AQ92: farmhannong.com/kor/product/mix-info (바이엘 혼용기술정보 2025) | AR92: 46283
A93: 92 | B93: 혼용정보 확인결과 | G93: 버픽스 | J93: 혼용정보 | W93: 미확인 | Y93: 동방아그로 | Z93: 1644-7337 | AA93: 자사 제품혼용표 도구에서 "버픽스"로 검색 → 전체 작물 통틀어 0건. 아직 표에 등록이 안 된 신제품으로 보임 | AP93: PART 4. 혼용 가능 조합 > 나머지 3개(버픽스·무름반점뚝·강철비) 끝까지 확인한 결과 | AQ93: dongbangagro.co.kr/product_combined.php · dae-yu.co.kr · enbio.co.kr | AR93: 46283
A94: 93 | B94: 혼용정보 확인결과 | G94: 무름반점뚝 | J94: 혼용정보 | W94: 미확인 | Y94: 대유 | AA94: 회사 사이트에 혼용정보 코너 자체가 없음. 제품 상세페이지에도 혼용 관련 내용 없음 | AP94: PART 4. 혼용 가능 조합 > 나머지 3개(버픽스·무름반점뚝·강철비) 끝까지 확인한 결과 | AQ94: dongbangagro.co.kr/product_combined.php · dae-yu.co.kr · enbio.co.kr | AR94: 46283
A95: 94 | B95: 혼용정보 확인결과 | G95: 강철비 | J95: 혼용정보 | W95: 미확인 | Y95: 인바이오 | Z95: 031-477-6011 | AA95: 자사 혼용가부표(살균제용·살충제용 두 장, 도합 300개 이상 조합 수록)를 처음부터 끝까지 다 읽었으나 "강철비"는 어디에도 없음 | AP95: PART 4. 혼용 가능 조합 > 나머지 3개(버픽스·무름반점뚝·강철비) 끝까지 확인한 결과 | AQ95: dongbangagro.co.kr/product_combined.php · dae-yu.co.kr · enbio.co.kr | AR95: 46283

Sheet 참고 사항
A1: ■ 사용 방법
A2: [병해충 방제 가이드] 시트 — 한눈에 보기
A3: ① 맨 위 노란 칸(병해충 선택)을 누르고 ▼ 목록에서 병해충을 고르면, 바로 아래에 1~4순위 약제와 희석배수·살포 방법·시기·횟수·주의사항이 표시됩니다.
A4: ② 아래 방제표에서 [병해충명] 머리글의 ▼ 필터 → 검색 칸에 병해충명 입력 → 확인. 해당 병해충의 약제만 남습니다.
A5: ③ 같은 병해충의 약제는 한 묶음(굵은 윗선 + 같은 바탕색)으로 표시되고, 순위 순서로 나열됩니다.
A6: [전체 방제 정보] 시트 — 원본 자료 전체(구매 필요 약제·유기농업자재 기타 효과·혼용 조합·확인결과 포함)를 모든 열에서 필터·검색할 수 있습니다.
A7: 새 자료 추가: [전체 방제 정보] 표 바로 아래 행에 입력하면 표가 자동 확장되고, 조회 카드에도 반영됩니다(정보 구분 = 추천 약제(로테이션)).
A8: 필터 해제: [데이터] 탭 → [지우기].
A10: ■ 표시 규칙
A11: • 노란색 = 학교(연암대) 보유 약제 • 주황 바탕 = 주의사항·혼용 정보가 있는 칸 • 초록 머리글 = 사용 방법(희석·방법·시기·횟수)
A12: • 원본에 값이 없는 칸은 빈칸으로 두었습니다(임의로 채우지 않음). 원본 "-" 표기도 빈칸입니다.
A13: • [살포 시기]는 원본에 시기가 명시된 경우(정식기·발생초기·생육기 등)만 기재했고, [수확 전 사용 제한]은 안전사용기준의 "수확○일전"입니다.
... A16: ■ 분류 값 목록 (드롭다운 원본 — 새 값이 필요하면 각 목록 아래 빈칸에 추가)
A17: 병해충(조회용) | B17: 정보 구분 | C17: 병해충 구분 | D17: 방제 구분 | E17: 학교 보유 | F17: 혼용 가능 여부 | G17: 제형 | H17: 살포 방법
A18: 갈색무늬병 | B18: 추천 약제(로테이션) | C18: 병해 | D18: 등록 농약 | E18: 보유 | F18: 가능 | G18: 수화제 | H18: 경엽처리
A19: 갈색점무늬병 | B19: 구매 필요 약제 | C19: 해충 | D19: 유기농업자재 | E19: 미보유 | F19: 조합 없음(섞지 말 것) | G19: 액상 | H19: 관주처리
A20: 붉은썩음병 | B20: 유기농업자재 | D20: 혼용정보 | F20: 미확인 | G20: 액상수화제 | H20: 관주처리(양액재배)
A21: 뿌리썩음병 | B21: 유기농업자재(기타 방제효과) | G21: 유제 | H21: 토양처리
A22: 세균점무늬병 | B22: 혼용 가능 조합 | G22: 입상수화제
A23: 잿빛곰팡이병 | B23: 혼용정보 확인결과 | G23: 입제
A24: 탄저병
A25: 풋마름병
A26: 거세미나방류
A27: 과실파리류
A28: 꽃노랑총채벌레
A29: 담배가루이
A30: 복숭아혹진딧물
A31: 온실가루이
A32: 진딧물(목화진딧물, 복숭아혹진딧물)
A33: 차먼지응애
A49: ■ 원본 가이드 안내·참고 사항 (원문 그대로)
A50: 번호 | B50: 원본 위치 | D50: 세부 위치 | H50: 내용 | I50: 자료 조회일
A51: 1 | B51: 개요 | H51: 파프리카 재배 현장 방제 가이드
A52: 2 | B52: 개요 | D52: 파프리카 재배 현장 방제 가이드 | H52: 연암대학교 스마트팜 유리온실
A53: 3 | B53: 개요 | D53: 파프리카 재배 현장 방제 가이드 | H53: 선정 기준: ① 학교 보유 약제 ② 여러 병해충에 겸용 가능한 약제
A54: 4 | B54: 개요 | D54: 파프리카 재배 현장 방제 가이드 | H54: 같은 작용기작(코드)을 연속 사용하면 저항성이 생기니, 2회 이상 살포 시 표의 2~4순위로 바꿔가며 로테이션
A55: 5 | B55: 개요 | D55: 구매 약제 전체 목록 (추천표 중 학교 미보유분) | H55: 총 14개 — 뒤쪽 병해충별 추천표에 나온 약제 중 현재 연암대 재고에 없는 것을 전부 모았습니다. 구매 시 참고하세요.
A56: 6 | B56: 개요 | D56: 구매 약제 전체 목록 (추천표 중 학교 미보유분) | H56: 유기농업자재 (친환경 공시자재)_보조 방제수단
A57: 7 | B57: PART 3. 유기농업자재 | H57: 선정 기준
A58: 8 | B58: PART 3. 유기농업자재 | H58: ① 이 가이드가 다루는 고추 병해충(꽃노랑총채벌레·온실가루이·복숭아혹진딧물)에 실제 방제시험 데이터가 있는 제품만
A59: 9 | B59: PART 3. 유기농업자재 | H59: ② 국립농산물품질관리원 공시자재(naqs.go.kr)에 정식 등재된 것만 — 출처 불명확한 자료는 제외
A60: 10 | B60: PART 3. 유기농업자재 | H60: 아래 2개 제품은 국립농산물품질관리원 유기농업자재 공시현황(naqs.go.kr)에 등재된 병해충관리용 공시자재입니다. 정식 등록 '농약'이 아니라 효능시험을 거쳐 공시된 친환경 자재이며, 본 가이드의 고추 재배 병해충(꽃노랑총채벌레·온실가루이·복숭아혹진딧물)과 직접 관련된 항목만 정리했습니다. 무농약·유기재배 인증 포장이나 수확 임박 시기, 로테이션 보조 수단으로 참고하시기 바랍니다.
A61: 11 | B61: PART 3. 유기농업자재 | H61: ⚠ 화학농약이 아닌 유기농업자재입니다 — 등록 농약과 안전사용기준·법적 지위가 다릅니다. 표시구분 '농약효과'는 효능시험 결과일 뿐 '농약등록'과는 별개이며, 두 제품 모두 농약/비료 등록여부는 '없음'입니다.
A62: 12 | B62: PART 3. 유기농업자재 | D62: 한방싹충도사 (병해충관리용) | H62: 고추 관련 사용법: 꽃노랑총채벌레, 발생초기, 1,000배 희석, 경엽처리 — 무처리구 대비 방제가 61.7%
A63: 13 | B63: PART 3. 유기농업자재 | D63: 한방싹충도사 (병해충관리용) | H63: 그 외 방제효과: 딸기 점박이응애 67.5% · 배 조팝나무진딧물 77.4% · 양배추 배추흰나비 65.9% · 복숭아 복숭아순나방 60.0% · 포도 꽃매미 62.8% · 사과 갈색날개매미충 65.8% · 오이 온실가루이 60%이상 · 감귤 이세리아깍지벌레 60%이상
A64: 14 | B64: PART 3. 유기농업자재 | D64: 뉴응칠이 (병해충관리용) | H64: 고추 관련 사용법: 복숭아혹진딧물, 생육기, 1,000배 희석, 경엽처리 — 무처리구 대비 방제가 50% 이상
A65: 15 | B65: PART 3. 유기농업자재 | D65: 뉴응칠이 (병해충관리용) | H65: 그 외 방제효과(오이 시험): 꽃노랑총채벌레·아메리카잎굴파리·온실가루이·흰가루병 — 무처리구 대비 50% 이상 / 블루베리 미국선녀벌레 50% 이상
A66: 16 | B66: PART 3. 유기농업자재 | D66: 뉴응칠이 (병해충관리용) | H66: 주의: 접촉성 제제(잎 뒷면까지 흠뻑 살포) · 강알칼리성 제제·석회보르도액·유황합제 혼용 금지 · 꿀벌 활동에 영향 가능
A67: 17 | B67: PART 3. 유기농업자재 | D67: 뉴응칠이 (병해충관리용) | H67: 자료 출처: 국립농산물품질관리원 유기농업자재 공시현황(naqs.go.kr), 조회일 2026-09-18. 실제 사용 전 최신 공시정보 재확인 요망. | I67: 46283
A68: 18 | B68: PART 4. 혼용 가능 조합 | H68: 선정 기준
A69: 19 | B69: PART 4. 혼용 가능 조합 | H69: ① 가이드의 교내 보유 약제 살충제를 기준 축으로 삼음 — 학교가 실제로 쓸 확률이 가장 높은 제품이라서
A70: 20 | B70: PART 4. 혼용 가능 조합 | H70: ② 제조사 1차 자료(공식 혼용정보 도구)에 “혼용가능(○)”로 명시된 조합만 — 추정이나 일반론은 배제
A71: 21 | B71: PART 4. 혼용 가능 조합 | H71: ③ 궁합이 확인된 살균제가 이 가이드에 이미 나오는 제품일 때만 우선 표기 — 가이드 밖 제품과의 궁합은 실용성이 낮음
A72: 22 | B72: PART 4. 혼용 가능 조합 | H72: ④ 못 찾은 건 억지로 채우지 않고 “미확인”으로 명시 (버픽스·무름반점뚝·강철비)
A73: 23 | B73: PART 4. 혼용 가능 조합 | H73: 경농 혼용안내(knco.co.kr, 고추 기준)에서 학교 최우선 살충제 모스피란(아세타미프리드)을 조회한 결과, 아래 살균제와는 동시 살포(탱크믹스)가 가능하다고 나온다. 전부 이 가이드에 이미 나오는 제품들이다.
A74: 24 | B74: PART 4. 혼용 가능 조합 | D74: 확인된 조합 | H74: 위 5개는 모두 경농 제품이라 같은 회사 조회 결과 안에서 확인이 된 것이다. 스포르곤·코니도·타스타·강철비·쏘버린처럼 다른 회사(팜한농·바이엘·신젠타 등) 제품은 이 방식으로는 조회되지 않는다. 회사가 다르면 각 제조사 홈페이지 혼용정보나 고객센터로 직접 확인해야 하고, 확인 안 된 조합은 섞지 않는 게 원칙이다.
A75: 25 | B75: PART 4. 혼용 가능 조합 | D75: 확인된 조합 | H75: 제조사별 혼용정보 조회처: 경농 knco.co.kr/product/product_09 · 팜한농 farmhannong.com/kor/product/mix-info · 한국삼공 30agro.co.kr · 신젠타코리아 syngenta.co.kr
A76: 26 | B76: PART 4. 혼용 가능 조합 | D76: 확인된 조합 | H76: 조회일 2026-09-18 | I76: 46283
A77: 27 | B77: PART 4. 혼용 가능 조합 | D77: 바이엘(코니도·타스타) 공식 혼용정보 | H77: 팜한농 혼용정보(farmhannong.com, 고추 기준) 조회 결과. 코니도는 살균제 벨쿠트와 짝이 맞고, 타스타는 고추에서 같이 쓸 살균제가 공식적으로 하나도 없다.
A78: 28 | B78: PART 4. 혼용 가능 조합 | D78: 바이엘(코니도·타스타) 공식 혼용정보 | H78: 스포르곤(팜한농)은 이 표에서 바이고·시반토·신기록-D 같은 다른 바이엘 살충제와는 짝이 맞지만, 가이드가 쓰는 모스피란·코니도·타스타 중 누구와도 짝으로 나오지 않는다. 쏘버린(팜한농, 카보설판)은 정식할 때 흙에 뿌리는 입제라 이 혼용정보표 자체에 없다 — 원래 스프레이통에 섞어 쓰는 제품이 아니다.
A79: 29 | B79: PART 4. 혼용 가능 조합 | D79: 바이엘(코니도·타스타) 공식 혼용정보 | H79: 버픽스(동방아그로), 무름반점뚝(대유), 강철비(인바이오)는 제조사는 확인했지만 온라인에 공개된 혼용정보 도구가 없어 짝을 못 찾았다. 이 세 개는 쓰기 전에 제조사 고객센터에 직접 물어봐야 한다.
A80: 30 | B80: PART 4. 혼용 가능 조합 | D80: 바이엘(코니도·타스타) 공식 혼용정보 | H80: 출처: farmhannong.com/kor/product/mix-info (바이엘 혼용기술정보 2025), 조회일 2026-09-18 | I80: 46283
A81: 31 | B81: PART 4. 혼용 가능 조합 | D81: 나머지 3개(버픽스·무름반점뚝·강철비) 끝까지 확인한 결과 | H81: 제조사를 알아낸 뒤 각 회사 홈페이지의 혼용정보를 끝까지 뒤졌다. 결과는 아래와 같다 — 도구가 없어서 못 찾은 게 아니라, 도구는 있는데 그 안에 이 제품 자체가 없는 경우가 대부분이다.
A82: 32 | B82: PART 4. 혼용 가능 조합 | D82: 나머지 3개(버픽스·무름반점뚝·강철비) 끝까지 확인한 결과 | H82: 셋 다 온라인에 공개된 자료로는 답이 안 나온다는 뜻이다. 이 이상은 제조사 고객센터에 직접 전화해서 "이 제품, 저 살균제/살충제랑 섞어도 되나요"라고 물어보는 수밖에 없다 — 동방아그로 1644-7337 · 대유 · 인바이오 031-477-6011.
A83: 33 | B83: PART 4. 혼용 가능 조합 | D83: 나머지 3개(버픽스·무름반점뚝·강철비) 끝까지 확인한 결과 | H83: 확인 경로: dongbangagro.co.kr/product_combined.php · dae-yu.co.kr · enbio.co.kr(혼용정보 게시판, 살균제·살충제 혼용가부표 전체), 조회일 2026-09-18 | I83: 46283
